JobID,Description,Time,TotalDMsSent,TotalEMsSent,TotalSMSsSent,TotalCALLsSent,TimeSinceLastEmail,TimeSinceLastDM,TimeSinceLastCall,TimeSinceLastSMS,Age_segment,Segment,Reward,Nr_of_Sales,Nr_of_Opens,Nr_of_Clicks,Nr_of_Unsubs
,DM_Offersent,2024-06-13,1,0,0,0,9999.0,9999.0,9999.0,9999.0,61-80,Best Ager,0.0,0,0,0,0
,DM_Offersent,2024-10-14,2,0,0,0,9999.0,123.0,9999.0,9999.0,61-80,Best Ager,0.0,0,0,0,0
65490.0,EMsent,2024-09-08,0,9,0,0,0.0,9999.0,9999.0,9999.0,80+,Silver Ager,0.0,0,1,3,0
55388.0,EMsent,2024-07-16,0,7,0,0,0.0,9999.0,9999.0,9999.0,80+,Silver Ager,0.0,0,1,3,0
49295.0,EMsent,2024-06-09,0,6,0,0,0.0,9999.0,9999.0,9999.0,80+,Silver Ager,0.0,0,1,3,0
44710.0,EMsent,2024-05-12,0,5,0,0,0.0,9999.0,9999.0,9999.0,80+,Silver Ager,0.0,0,1,3,0
60257.0,EMsent,2024-08-11,0,8,0,0,0.0,9999.0,9999.0,9999.0,80+,Silver Ager,0.0,0,1,3,0
34062.0,EMsent,2024-03-10,0,3,0,0,0.0,9999.0,9999.0,9999.0,80+,Silver Ager,2.0,0,1,2,0
28232.0,EMsent,2024-02-11,0,2,0,0,0.0,9999.0,9999.0,9999.0,80+,Silver Ager,0.0,0,1,2,0
24494.0,EMsent,2024-01-14,0,1,0,0,0.0,9999.0,9999.0,9999.0,80+,Silver Ager,5.0,0,0,0,0
40456.0,EMsent,2024-04-14,0,4,0,0,0.0,9999.0,9999.0,9999.0,80+,Silver Ager,0.0,0,1,3,0
41190.0,EMsent,2024-04-17,0,11,0,0,0.0,9999.0,9999.0,9999.0,80+,Silver Ager,1.0,0,10,4,0
65489.0,EMsent,2024-09-08,0,17,0,0,0.0,9999.0,9999.0,9999.0,80+,Silver Ager,3.0,0,16,8,0
62591.0,EMsent,2024-08-23,0,16,0,0,0.0,9999.0,9999.0,9999.0,80+,Silver Ager,1.0,0,15,8,0
60256.0,EMsent,2024-08-11,0,15,0,0,0.0,9999.0,9999.0,9999.0,80+,Silver Ager,7.0,0,14,5,0
55388.0,EMsent,2024-07-16,0,14,0,0,0.0,9999.0,9999.0,9999.0,80+,Silver Ager,1.0,0,13,5,0
49295.0,EMsent,2024-06-09,0,13,0,0,0.0,9999.0,9999.0,9999.0,80+,Silver Ager,1.0,0,12,5,0
44710.0,EMsent,2024-05-12,0,12,0,0,0.0,9999.0,9999.0,9999.0,80+,Silver Ager,3.0,0,11,4,0
40456.0,EMsent,2024-04-14,0,10,0,0,0.0,9999.0,9999.0,9999.0,80+,Silver Ager,3.0,0,9,3,0
27891.0,EMsent,2024-02-07,0,6,0,0,0.0,9999.0,9999.0,9999.0,80+,Silver Ager,3.0,0,5,2,0
33531.0,EMsent,2024-03-04,0,8,0,0,0.0,9999.0,9999.0,9999.0,80+,Silver Ager,1.0,0,7,3,0
28232.0,EMsent,2024-02-11,0,7,0,0,0.0,9999.0,9999.0,9999.0,80+,Silver Ager,1.0,0,6,3,0
27384.0,EMsent,2024-02-02,0,5,0,0,0.0,9999.0,9999.0,9999.0,80+,Silver Ager,1.0,0,4,2,0
24494.0,EMsent,2024-01-14,0,4,0,0,0.0,9999.0,9999.0,9999.0,80+,Silver Ager,5.0,0,3,0,0
21450.0,EMsent,2023-12-15,0,3,0,0,0.0,9999.0,9999.0,9999.0,80+,Silver Ager,1.0,0,2,0,0
19748.0,EMsent,2023-12-10,0,2,0,0,0.0,9999.0,9999.0,9999.0,80+,Silver Ager,1.0,0,1,0,0
19096.0,EMsent,2023-12-01,0,1,0,0,0.0,9999.0,9999.0,9999.0,80+,Silver Ager,1.0,0,0,0,0
34062.0,EMsent,2024-03-10,0,9,0,0,0.0,9999.0,9999.0,9999.0,80+,Silver Ager,1.0,0,8,3,0
44710.0,EMsent,2024-05-12,0,9,0,0,0.0,9999.0,9999.0,9999.0,80+,Silver Ager,0.0,0,3,2,0
65489.0,EMsent,2024-09-08,0,13,0,0,0.0,9999.0,9999.0,9999.0,80+,Silver Ager,0.0,0,3,2,0
60256.0,EMsent,2024-08-11,0,12,0,0,0.0,9999.0,9999.0,9999.0,80+,Silver Ager,0.0,0,3,2,0
55388.0,EMsent,2024-07-16,0,11,0,0,0.0,9999.0,9999.0,9999.0,80+,Silver Ager,0.0,0,3,2,0
49295.0,EMsent,2024-06-09,0,10,0,0,0.0,9999.0,9999.0,9999.0,80+,Silver Ager,0.0,0,3,2,0
40456.0,EMsent,2024-04-14,0,7,0,0,0.0,9999.0,9999.0,9999.0,80+,Silver Ager,0.0,0,2,1,0
42715.0,EMsent,2024-04-26,0,8,0,0,0.0,9999.0,9999.0,9999.0,80+,Silver Ager,3.0,0,2,1,0
28232.0,EMsent,2024-02-11,0,5,0,0,0.0,9999.0,9999.0,9999.0,80+,Silver Ager,3.0,0,0,0,0
24494.0,EMsent,2024-01-14,0,4,0,0,0.0,9999.0,9999.0,9999.0,80+,Silver Ager,0.0,0,0,0,0
21450.0,EMsent,2023-12-15,0,3,0,0,0.0,9999.0,9999.0,9999.0,80+,Silver Ager,0.0,0,0,0,0
19748.0,EMsent,2023-12-10,0,2,0,0,0.0,9999.0,9999.0,9999.0,80+,Silver Ager,0.0,0,0,0,0
19096.0,EMsent,2023-12-01,0,1,0,0,0.0,9999.0,9999.0,9999.0,80+,Silver Ager,0.0,0,0,0,0
34062.0,EMsent,2024-03-10,0,6,0,0,0.0,9999.0,9999.0,9999.0,80+,Silver Ager,1.0,0,1,1,0
,DM_Offersent,2024-02-15,1,0,0,0,9999.0,9999.0,9999.0,9999.0,61-80,Best Ager,0.0,0,0,0,0
,DM_Offersent,2024-06-13,2,0,0,0,9999.0,119.0,9999.0,9999.0,61-80,Best Ager,0.0,0,0,0,0
,DM_Offersent,2024-10-14,3,0,0,0,9999.0,123.0,9999.0,9999.0,61-80,Best Ager,0.0,0,0,0,0
,DM_Informationsent,2024-09-24,1,0,0,0,9999.0,9999.0,9999.0,9999.0,80+,Silver Ager,0.0,0,0,0,0
44710.0,EMsent,2024-05-12,1,7,0,0,0.0,27.0,9999.0,9999.0,61-80,Best Ager,0.0,0,0,0,0
65489.0,EMsent,2024-09-08,1,11,0,0,0.0,146.0,9999.0,9999.0,61-80,Best Ager,0.0,0,0,0,0
60256.0,EMsent,2024-08-11,1,10,0,0,0.0,118.0,9999.0,9999.0,61-80,Best Ager,0.0,0,0,0,0
55388.0,EMsent,2024-07-16,1,9,0,0,0.0,92.0,9999.0,9999.0,61-80,Best Ager,0.0,0,0,0,0
49295.0,EMsent,2024-06-09,1,8,0,0,0.0,55.0,9999.0,9999.0,61-80,Best Ager,0.0,0,0,0,0
,DM_Offersent,2024-04-15,1,6,0,0,1.0,9999.0,9999.0,9999.0,61-80,Best Ager,0.0,0,0,0,0
35578.0,EMsent,2024-03-17,0,5,0,0,0.0,9999.0,9999.0,9999.0,61-80,Best Ager,0.0,0,0,0,0
34062.0,EMsent,2024-03-10,0,4,0,0,0.0,9999.0,9999.0,9999.0,61-80,Best Ager,0.0,0,0,0,0
28232.0,EMsent,2024-02-11,0,3,0,0,0.0,9999.0,9999.0,9999.0,61-80,Best Ager,0.0,0,0,0,0
24494.0,EMsent,2024-01-14,0,2,0,0,0.0,9999.0,9999.0,9999.0,61-80,Best Ager,0.0,0,0,0,0
19748.0,EMsent,2023-12-10,0,1,0,0,0.0,9999.0,9999.0,9999.0,61-80,Best Ager,0.0,0,0,0,0
40456.0,EMsent,2024-04-14,0,6,0,0,0.0,9999.0,9999.0,9999.0,61-80,Best Ager,0.0,0,0,0,0
65489.0,EMsent,2024-09-08,0,10,0,0,0.0,9999.0,9999.0,9999.0,80+,Silver Ager,0.0,0,0,0,0
60256.0,EMsent,2024-08-11,0,9,0,0,0.0,9999.0,9999.0,9999.0,80+,Silver Ager,0.0,0,0,0,0
55388.0,EMsent,2024-07-16,0,8,0,0,0.0,9999.0,9999.0,9999.0,80+,Silver Ager,0.0,0,0,0,0
49295.0,EMsent,2024-06-09,0,7,0,0,0.0,9999.0,9999.0,9999.0,80+,Silver Ager,0.0,0,0,0,0
44710.0,EMsent,2024-05-12,0,6,0,0,0.0,9999.0,9999.0,9999.0,80+,Silver Ager,0.0,0,0,0,0
28232.0,EMsent,2024-02-11,0,3,0,0,0.0,9999.0,9999.0,9999.0,80+,Silver Ager,0.0,0,0,0,0
34062.0,EMsent,2024-03-10,0,4,0,0,0.0,9999.0,9999.0,9999.0,80+,Silver Ager,0.0,0,0,0,0
24494.0,EMsent,2024-01-14,0,2,0,0,0.0,9999.0,9999.0,9999.0,80+,Silver Ager,0.0,0,0,0,0
19748.0,EMsent,2023-12-10,0,1,0,0,0.0,9999.0,9999.0,9999.0,80+,Silver Ager,0.0,0,0,0,0
40456.0,EMsent,2024-04-14,0,5,0,0,0.0,9999.0,9999.0,9999.0,80+,Silver Ager,0.0,0,0,0,0
49295.0,EMsent,2024-06-09,0,7,0,0,0.0,9999.0,9999.0,9999.0,80+,Silver Ager,1.0,0,6,0,0
44710.0,EMsent,2024-05-12,0,6,0,0,0.0,9999.0,9999.0,9999.0,80+,Silver Ager,1.0,0,5,0,0
60256.0,EMsent,2024-08-11,0,8,0,0,0.0,9999.0,9999.0,9999.0,80+,Silver Ager,1.0,0,7,0,0
40456.0,EMsent,2024-04-14,0,5,0,0,0.0,9999.0,9999.0,9999.0,80+,Silver Ager,1.0,0,4,0,0
24494.0,EMsent,2024-01-14,0,2,0,0,0.0,9999.0,9999.0,9999.0,80+,Silver Ager,1.0,0,1,0,0
28232.0,EMsent,2024-02-11,0,3,0,0,0.0,9999.0,9999.0,9999.0,80+,Silver Ager,1.0,0,2,0,0
34062.0,EMsent,2024-03-10,0,4,0,0,0.0,9999.0,9999.0,9999.0,80+,Silver Ager,1.0,0,3,0,0
19748.0,EMsent,2023-12-10,0,1,0,0,0.0,9999.0,9999.0,9999.0,80+,Silver Ager,1.0,0,0,0,0
,DM_Offersent,2024-11-14,3,17,0,0,60.0,154.0,9999.0,9999.0,61-80,Best Ager,0.0,0,17,0,0
66948.0,EMsent,2024-09-15,2,17,0,0,0.0,94.0,9999.0,9999.0,61-80,Best Ager,1.0,0,16,0,0
65489.0,EMsent,2024-09-08,2,16,0,0,0.0,87.0,9999.0,9999.0,61-80,Best Ager,1.0,0,15,0,0
60256.0,EMsent,2024-08-11,2,15,0,0,0.0,59.0,9999.0,9999.0,61-80,Best Ager,1.0,0,14,0,0
,DM_Offersent,2024-06-13,2,13,0,0,4.0,91.0,9999.0,9999.0,61-80,Best Ager,0.0,0,13,0,0
49295.0,EMsent,2024-06-09,1,13,0,0,0.0,87.0,9999.0,9999.0,61-80,Best Ager,1.0,0,12,0,0
48020.0,EMsent,2024-05-31,1,12,0,0,0.0,78.0,9999.0,9999.0,61-80,Best Ager,1.0,0,11,0,0
44710.0,EMsent,2024-05-12,1,11,0,0,0.0,59.0,9999.0,9999.0,61-80,Best Ager,1.0,0,10,0,0
44394.0,EMsent,2024-05-08,1,10,0,0,0.0,55.0,9999.0,9999.0,61-80,Best Ager,1.0,0,9,0,0
55388.0,EMsent,2024-07-15,2,14,0,0,0.0,32.0,9999.0,9999.0,61-80,Best Ager,1.0,0,13,0,0
40456.0,EMsent,2024-04-14,1,8,0,0,0.0,31.0,9999.0,9999.0,61-80,Best Ager,1.0,0,7,0,0
35578.0,EMsent,2024-03-17,1,7,0,0,0.0,3.0,9999.0,9999.0,61-80,Best Ager,1.0,0,6,0,0
,DM_Offersent,2024-03-14,1,6,0,0,4.0,9999.0,9999.0,9999.0,61-80,Best Ager,0.0,0,6,0,0
34062.0,EMsent,2024-03-10,0,6,0,0,0.0,9999.0,9999.0,9999.0,61-80,Best Ager,1.0,0,5,0,0
29158.0,EMsent,2024-02-15,0,5,0,0,0.0,9999.0,9999.0,9999.0,61-80,Best Ager,1.0,0,4,0,0
28232.0,EMsent,2024-02-11,0,4,0,0,0.0,9999.0,9999.0,9999.0,61-80,Best Ager,1.0,0,3,0,0
26376.0,EMsent,2024-01-28,0,3,0,0,0.0,9999.0,9999.0,9999.0,61-80,Best Ager,1.0,0,2,0,0
24494.0,EMsent,2024-01-14,0,2,0,0,0.0,9999.0,9999.0,9999.0,61-80,Best Ager,1.0,0,1,0,0
19748.0,EMsent,2023-12-10,0,1,0,0,0.0,9999.0,9999.0,9999.0,61-80,Best Ager,1.0,0,0,0,0
42756.0,EMsent,2024-04-28,1,9,0,0,0.0,45.0,9999.0,9999.0,61-80,Best Ager,1.0,0,8,0,0
44995.0,EMsent,2024-05-14,1,17,0,0,0.0,89.0,9999.0,9999.0,41-60,Best Ager,0.0,0,13,0,0
,DM_Offersent,2024-05-30,2,17,0,0,16.0,105.0,9999.0,9999.0,41-60,Best Ager,0.0,0,13,0,0
49295.0,EMsent,2024-06-09,2,18,0,0,0.0,10.0,9999.0,9999.0,41-60,Best Ager,1.0,0,13,0,0
67805.0,EMsent,2024-09-19,3,27,0,0,0.0,14.0,9999.0,9999.0,41-60,Best Ager,0.0,0,22,0,0
51099.0,EMsent,2024-06-20,2,19,0,0,0.0,21.0,9999.0,9999.0,41-60,Best Ager,1.0,0,14,0,0
55388.0,EMsent,2024-07-16,2,20,0,0,0.0,47.0,9999.0,9999.0,41-60,Best Ager,1.0,0,15,0,0
65489.0,EMsent,2024-09-08,3,24,0,0,0.0,3.0,9999.0,9999.0,41-60,Best Ager,1.0,0,19,0,0
60256.0,EMsent,2024-08-11,2,22,0,0,0.0,73.0,9999.0,9999.0,41-60,Best Ager,1.0,0,17,0,0
61960.0,EMsent,2024-08-21,2,23,0,0,0.0,83.0,9999.0,9999.0,41-60,Best Ager,1.0,0,18,0,0
,DM_Offersent,2024-09-05,3,23,0,0,15.0,98.0,9999.0,9999.0,41-60,Best Ager,0.0,0,19,0,0
66948.0,EMsent,2024-09-15,3,25,0,0,0.0,10.0,9999.0,9999.0,41-60,Best Ager,1.0,0,20,0,0
66963.0,EMsent,2024-09-16,3,26,0,0,0.0,11.0,9999.0,9999.0,41-60,Best Ager,1.0,0,21,0,0
44710.0,EMsent,2024-05-12,1,16,0,0,0.0,87.0,9999.0,9999.0,41-60,Best Ager,1.0,0,12,0,0
56805.0,EMsent,2024-07-25,2,21,0,0,0.0,56.0,9999.0,9999.0,41-60,Best Ager,1.0,0,16,0,0
44394.0,EMsent,2024-05-08,1,15,0,0,0.0,83.0,9999.0,9999.0,41-60,Best Ager,1.0,0,11,0,0
36466.0,EMsent,2024-03-21,1,9,0,0,0.0,35.0,9999.0,9999.0,41-60,Best Ager,0.0,0,8,0,0
42301.0,EMsent,2024-04-25,1,13,0,0,0.0,70.0,9999.0,9999.0,41-60,Best Ager,1.0,0,10,0,0
43658.0,EMsent,2024-05-02,1,14,0,0,0.0,77.0,9999.0,9999.0,41-60,Best Ager,0.0,0,11,0,0
26296.0,EMsent,2024-01-26,0,2,0,0,0.0,9999.0,9999.0,9999.0,41-60,Best Ager,1.0,0,1,0,0
26376.0,EMsent,2024-01-28,0,3,0,0,0.0,9999.0,9999.0,9999.0,41-60,Best Ager,1.0,0,2,0,0
27986.0,EMsent,2024-02-08,0,4,0,0,0.0,9999.0,9999.0,9999.0,41-60,Best Ager,1.0,0,3,0,0
28232.0,EMsent,2024-02-11,0,5,0,0,0.0,9999.0,9999.0,9999.0,41-60,Best Ager,1.0,0,4,0,0
,DM_Offersent,2024-02-15,1,5,0,0,4.0,9999.0,9999.0,9999.0,41-60,Best Ager,0.0,0,5,0,0
24494.0,EMsent,2024-01-14,0,1,0,0,0.0,9999.0,9999.0,9999.0,41-60,Best Ager,1.0,0,0,0,0
34062.0,EMsent,2024-03-10,1,7,0,0,0.0,24.0,9999.0,9999.0,41-60,Best Ager,1.0,0,6,0,0
35578.0,EMsent,2024-03-17,1,8,0,0,0.0,31.0,9999.0,9999.0,41-60,Best Ager,1.0,0,7,0,0
38960.0,EMsent,2024-04-02,1,10,0,0,0.0,47.0,9999.0,9999.0,41-60,Best Ager,0.0,0,8,0,0
39070.0,EMsent,2024-04-03,1,11,0,0,0.0,48.0,9999.0,9999.0,41-60,Best Ager,1.0,0,8,0,0
40456.0,EMsent,2024-04-14,1,12,0,0,0.0,59.0,9999.0,9999.0,41-60,Best Ager,1.0,0,9,0,0
29158.0,EMsent,2024-02-15,1,6,0,0,0.0,0.0,9999.0,9999.0,41-60,Best Ager,1.0,0,5,0,0
48020.0,EMsent,2024-05-31,1,15,0,0,0.0,78.0,9999.0,9999.0,61-80,Best Ager,1.0,0,11,0,0
49295.0,EMsent,2024-06-09,1,16,0,0,0.0,87.0,9999.0,9999.0,61-80,Best Ager,0.0,0,12,0,0
,DM_Offersent,2024-06-13,2,16,0,0,4.0,91.0,9999.0,9999.0,61-80,Best Ager,0.0,0,12,0,0
55388.0,EMsent,2024-07-16,2,17,0,0,0.0,33.0,9999.0,9999.0,61-80,Best Ager,1.0,0,12,0,0
60256.0,EMsent,2024-08-11,2,18,0,0,0.0,59.0,9999.0,9999.0,61-80,Best Ager,1.0,0,13,0,0
65489.0,EMsent,2024-09-08,2,21,0,0,0.0,87.0,9999.0,9999.0,61-80,Best Ager,1.0,0,16,0,0
64536.0,EMsent,2024-09-04,2,20,0,0,0.0,83.0,9999.0,9999.0,61-80,Best Ager,1.0,0,15,0,0
66963.0,EMsent,2024-09-16,2,22,0,0,0.0,95.0,9999.0,9999.0,61-80,Best Ager,1.0,0,17,0,0
,DM_Informationsent,2024-11-07,3,22,0,0,52.0,147.0,9999.0,9999.0,61-80,Best Ager,0.0,0,18,0,0
44710.0,EMsent,2024-05-12,1,14,0,0,0.0,59.0,9999.0,9999.0,61-80,Best Ager,1.0,0,10,0,0
61960.0,EMsent,2024-08-21,2,19,0,0,0.0,69.0,9999.0,9999.0,61-80,Best Ager,1.0,0,14,0,0
44394.0,EMsent,2024-05-08,1,13,0,0,0.0,55.0,9999.0,9999.0,61-80,Best Ager,0.0,0,10,0,0
,DM_Offersent,2024-11-14,4,22,0,0,59.0,7.0,9999.0,9999.0,61-80,Best Ager,0.0,0,18,0,0
42301.0,EMsent,2024-04-25,1,11,0,0,0.0,42.0,9999.0,9999.0,61-80,Best Ager,1.0,0,8,0,0
42756.0,EMsent,2024-04-28,1,12,0,0,0.0,45.0,9999.0,9999.0,61-80,Best Ager,1.0,0,9,0,0
19748.0,EMsent,2023-12-10,0,1,0,0,0.0,9999.0,9999.0,9999.0,61-80,Best Ager,0.0,0,0,0,0
26376.0,EMsent,2024-01-28,0,3,0,0,0.0,9999.0,9999.0,9999.0,61-80,Best Ager,1.0,0,1,0,0
28232.0,EMsent,2024-02-11,0,4,0,0,0.0,9999.0,9999.0,9999.0,61-80,Best Ager,1.0,0,2,0,0
29158.0,EMsent,2024-02-15,0,5,0,0,0.0,9999.0,9999.0,9999.0,61-80,Best Ager,0.0,0,3,0,0
24494.0,EMsent,2024-01-14,0,2,0,0,0.0,9999.0,9999.0,9999.0,61-80,Best Ager,1.0,0,0,0,0
34062.0,EMsent,2024-03-10,0,7,0,0,0.0,9999.0,9999.0,9999.0,61-80,Best Ager,1.0,0,4,0,0
,DM_Offersent,2024-03-14,1,7,0,0,4.0,9999.0,9999.0,9999.0,61-80,Best Ager,0.0,0,5,0,0
35578.0,EMsent,2024-03-17,1,8,0,0,0.0,3.0,9999.0,9999.0,61-80,Best Ager,1.0,0,5,0,0
39070.0,EMsent,2024-04-03,1,9,0,0,0.0,20.0,9999.0,9999.0,61-80,Best Ager,1.0,0,6,0,0
40456.0,EMsent,2024-04-14,1,10,0,0,0.0,31.0,9999.0,9999.0,61-80,Best Ager,1.0,0,7,0,0
29430.0,EMsent,2024-02-17,0,6,0,0,0.0,9999.0,9999.0,9999.0,61-80,Best Ager,1.0,0,3,0,0
,DM_Offersent,2024-06-10,1,0,0,0,9999.0,9999.0,9999.0,9999.0,61-80,Best Ager,0.0,0,0,0,0
,DM_Offersent,2024-11-16,2,0,0,0,9999.0,159.0,9999.0,9999.0,61-80,Best Ager,0.0,0,0,0,0
,DM_Offersent,2024-04-15,1,0,0,0,9999.0,9999.0,9999.0,9999.0,61-80,Silver Ager,0.0,0,0,0,0
49295.0,EMsent,2024-06-09,0,7,0,0,0.0,9999.0,9999.0,9999.0,80+,Silver Ager,0.0,0,2,4,0
65489.0,EMsent,2024-09-08,0,10,0,0,0.0,9999.0,9999.0,9999.0,80+,Silver Ager,1.0,0,3,4,0
60256.0,EMsent,2024-08-11,0,9,0,0,0.0,9999.0,9999.0,9999.0,80+,Silver Ager,0.0,0,3,4,0
55388.0,EMsent,2024-07-16,0,8,0,0,0.0,9999.0,9999.0,9999.0,80+,Silver Ager,1.0,0,2,4,0
44710.0,EMsent,2024-05-12,0,6,0,0,0.0,9999.0,9999.0,9999.0,80+,Silver Ager,0.0,0,2,4,0
34062.0,EMsent,2024-03-10,0,4,0,0,0.0,9999.0,9999.0,9999.0,80+,Silver Ager,7.0,0,0,0,0
28232.0,EMsent,2024-02-11,0,3,0,0,0.0,9999.0,9999.0,9999.0,80+,Silver Ager,0.0,0,0,0,0
24494.0,EMsent,2024-01-14,0,2,0,0,0.0,9999.0,9999.0,9999.0,80+,Silver Ager,0.0,0,0,0,0
19748.0,EMsent,2023-12-10,0,1,0,0,0.0,9999.0,9999.0,9999.0,80+,Silver Ager,0.0,0,0,0,0
40456.0,EMsent,2024-04-14,0,5,0,0,0.0,9999.0,9999.0,9999.0,80+,Silver Ager,3.0,0,1,3,0
,DM_Offersent,2024-03-14,1,4,0,0,4.0,9999.0,9999.0,9999.0,80+,Silver Ager,0.0,0,4,2,0
19748.0,EMsent,2023-12-10,0,1,0,0,0.0,9999.0,9999.0,9999.0,80+,Silver Ager,3.0,0,0,0,0
24494.0,EMsent,2024-01-14,0,2,0,0,0.0,9999.0,9999.0,9999.0,80+,Silver Ager,1.0,0,1,1,0
28232.0,EMsent,2024-02-11,0,3,0,0,0.0,9999.0,9999.0,9999.0,80+,Silver Ager,3.0,0,2,1,0
34062.0,EMsent,2024-03-10,0,4,0,0,0.0,9999.0,9999.0,9999.0,80+,Silver Ager,1.0,0,3,2,0
40456.0,EMsent,2024-04-14,1,5,0,0,0.0,31.0,9999.0,9999.0,80+,Silver Ager,1.0,0,4,2,0
44710.0,EMsent,2024-05-12,1,6,0,0,0.0,59.0,9999.0,9999.0,80+,Silver Ager,1.0,0,5,2,0
49295.0,EMsent,2024-06-09,1,7,0,0,0.0,87.0,9999.0,9999.0,80+,Silver Ager,1.0,0,6,2,0
55388.0,EMsent,2024-07-16,1,8,0,0,0.0,124.0,9999.0,9999.0,80+,Silver Ager,3.0,0,7,2,0
60256.0,EMsent,2024-08-11,1,9,0,0,0.0,150.0,9999.0,9999.0,80+,Silver Ager,3.0,0,8,3,0
65489.0,EMsent,2024-09-08,1,10,0,0,0.0,178.0,9999.0,9999.0,80+,Silver Ager,1.0,0,9,4,0
65489.0,EMsent,2024-09-08,2,2,0,0,0.0,87.0,9999.0,9999.0,61-80,Best Ager,1.0,1,1,0,0
55388.0,EMsent,2024-07-16,2,1,0,0,0.0,33.0,9999.0,9999.0,61-80,Best Ager,1.0,1,0,0,0
,DM_Offersent,2024-06-13,2,0,0,0,9999.0,90.0,9999.0,9999.0,61-80,Best Ager,10.0,0,0,0,0
,DM_Offersent,2024-03-15,1,0,0,0,9999.0,9999.0,9999.0,9999.0,61-80,Best Ager,0.0,0,0,0,0
69140.0,EMsent,2024-09-27,4,25,0,0,0.0,22.0,9999.0,9999.0,61-80,Best Ager,1.0,0,24,0,0
67805.0,EMsent,2024-09-19,4,24,0,0,0.0,14.0,9999.0,9999.0,61-80,Best Ager,1.0,0,23,0,0
66948.0,EMsent,2024-09-15,4,23,0,0,0.0,10.0,9999.0,9999.0,61-80,Best Ager,1.0,0,22,0,0
65489.0,EMsent,2024-09-08,4,22,0,0,0.0,3.0,9999.0,9999.0,61-80,Best Ager,1.0,0,21,0,0
,DM_Offersent,2024-09-05,4,21,0,0,25.0,84.0,9999.0,9999.0,61-80,Best Ager,0.0,0,21,0,0
60256.0,EMsent,2024-08-11,3,21,0,0,0.0,59.0,9999.0,9999.0,61-80,Best Ager,1.0,0,20,0,0
55388.0,EMsent,2024-07-16,3,20,0,0,0.0,33.0,9999.0,9999.0,61-80,Best Ager,1.0,0,19,0,0
,DM_Offersent,2024-06-13,3,19,0,0,4.0,59.0,9999.0,9999.0,61-80,Best Ager,0.0,0,19,0,0
49295.0,EMsent,2024-06-09,2,19,0,0,0.0,55.0,9999.0,9999.0,61-80,Best Ager,1.0,0,18,0,0
48826.0,EMsent,2024-06-04,2,18,0,0,0.0,50.0,9999.0,9999.0,61-80,Best Ager,1.0,0,17,0,0
48020.0,EMsent,2024-05-31,2,17,0,0,0.0,46.0,9999.0,9999.0,61-80,Best Ager,1.0,0,16,0,0
44710.0,EMsent,2024-05-12,2,15,0,0,0.0,27.0,9999.0,9999.0,61-80,Best Ager,1.0,0,14,0,0
44394.0,EMsent,2024-05-08,2,14,0,0,0.0,23.0,9999.0,9999.0,61-80,Best Ager,1.0,0,13,0,0
,DM_Offersent,2024-04-15,2,13,0,0,1.0,60.0,9999.0,9999.0,61-80,Best Ager,0.0,0,13,0,0
46441.0,EMsent,2024-05-22,2,16,0,0,0.0,37.0,9999.0,9999.0,61-80,Best Ager,1.0,0,15,0,0
39051.0,EMsent,2024-04-02,1,12,0,0,0.0,47.0,9999.0,9999.0,61-80,Best Ager,1.0,0,10,0,0
19748.0,EMsent,2023-12-10,0,1,0,0,0.0,9999.0,9999.0,9999.0,61-80,Best Ager,1.0,0,0,0,0
24494.0,EMsent,2024-01-14,0,2,0,0,0.0,9999.0,9999.0,9999.0,61-80,Best Ager,1.0,0,1,0,0
26296.0,EMsent,2024-01-26,0,3,0,0,0.0,9999.0,9999.0,9999.0,61-80,Best Ager,1.0,0,2,0,0
40456.0,EMsent,2024-04-14,1,13,0,0,0.0,59.0,9999.0,9999.0,61-80,Best Ager,1.0,0,12,0,0
27986.0,EMsent,2024-02-08,0,5,0,0,0.0,9999.0,9999.0,9999.0,61-80,Best Ager,1.0,0,4,0,0
28232.0,EMsent,2024-02-11,0,6,0,0,0.0,9999.0,9999.0,9999.0,61-80,Best Ager,1.0,0,4,0,0
26376.0,EMsent,2024-01-28,0,4,0,0,0.0,9999.0,9999.0,9999.0,61-80,Best Ager,1.0,0,3,0,0
29158.0,EMsent,2024-02-15,1,7,0,0,0.0,0.0,9999.0,9999.0,61-80,Best Ager,1.0,0,6,0,0
34062.0,EMsent,2024-03-10,1,8,0,0,0.0,24.0,9999.0,9999.0,61-80,Best Ager,1.0,0,7,0,0
35578.0,EMsent,2024-03-17,1,9,0,0,0.0,31.0,9999.0,9999.0,61-80,Best Ager,1.0,0,8,0,0
36466.0,EMsent,2024-03-21,1,10,0,0,0.0,35.0,9999.0,9999.0,61-80,Best Ager,1.0,0,9,0,0
38960.0,EMsent,2024-04-02,1,11,0,0,0.0,47.0,9999.0,9999.0,61-80,Best Ager,1.0,0,10,0,0
,DM_Offersent,2024-02-15,1,6,0,0,4.0,9999.0,9999.0,9999.0,61-80,Best Ager,0.0,0,6,0,0
48020.0,EMsent,2024-05-31,0,11,0,0,0.0,9999.0,9999.0,9999.0,41-60,Family,1.0,0,10,0,0
,DM_Informationsent,2024-09-24,1,16,0,0,9.0,9999.0,9999.0,9999.0,41-60,Family,0.0,0,16,1,0
66948.0,EMsent,2024-09-15,0,16,0,0,0.0,9999.0,9999.0,9999.0,41-60,Family,1.0,0,15,1,0
65322.0,EMsent,2024-09-06,0,15,0,0,0.0,9999.0,9999.0,9999.0,41-60,Family,3.0,0,14,0,0
60256.0,EMsent,2024-08-11,0,14,0,0,0.0,9999.0,9999.0,9999.0,41-60,Family,1.0,0,13,0,0
55388.0,EMsent,2024-07-16,0,13,0,0,0.0,9999.0,9999.0,9999.0,41-60,Family,1.0,0,12,0,0
,DM_Offersent,2024-10-14,2,16,0,0,29.0,20.0,9999.0,9999.0,41-60,Family,0.0,0,16,1,0
44710.0,EMsent,2024-05-12,0,10,0,0,0.0,9999.0,9999.0,9999.0,41-60,Family,1.0,0,9,0,0
49295.0,EMsent,2024-06-09,0,12,0,0,0.0,9999.0,9999.0,9999.0,41-60,Family,1.0,0,11,0,0
42756.0,EMsent,2024-04-28,0,8,0,0,0.0,9999.0,9999.0,9999.0,41-60,Family,1.0,0,7,0,0
19748.0,EMsent,2023-12-10,0,1,0,0,0.0,9999.0,9999.0,9999.0,41-60,Family,1.0,0,0,0,0
24494.0,EMsent,2024-01-14,0,2,0,0,0.0,9999.0,9999.0,9999.0,41-60,Family,1.0,0,1,0,0
26376.0,EMsent,2024-01-28,0,3,0,0,0.0,9999.0,9999.0,9999.0,41-60,Family,1.0,0,2,0,0
44394.0,EMsent,2024-05-08,0,9,0,0,0.0,9999.0,9999.0,9999.0,41-60,Family,1.0,0,8,0,0
29158.0,EMsent,2024-02-15,0,5,0,0,0.0,9999.0,9999.0,9999.0,41-60,Family,1.0,0,4,0,0
34062.0,EMsent,2024-03-10,0,6,0,0,0.0,9999.0,9999.0,9999.0,41-60,Family,1.0,0,5,0,0
40456.0,EMsent,2024-04-14,0,7,0,0,0.0,9999.0,9999.0,9999.0,41-60,Family,1.0,0,6,0,0
28232.0,EMsent,2024-02-11,0,4,0,0,0.0,9999.0,9999.0,9999.0,41-60,Family,1.0,0,3,0,0
,DM_Informationsent,2024-02-02,1,0,0,0,9999.0,9999.0,9999.0,9999.0,61-80,Best Ager,0.0,0,0,0,0
,DM_Offersent,2024-06-10,2,0,0,0,9999.0,129.0,9999.0,9999.0,61-80,Best Ager,0.0,0,0,0,0
,DM_Offersent,2024-11-14,3,0,0,0,9999.0,157.0,9999.0,9999.0,61-80,Best Ager,0.0,0,0,0,0
42715.0,EMsent,2024-04-26,0,8,0,0,0.0,9999.0,9999.0,9999.0,80+,Silver Ager,1.0,0,5,0,0
65489.0,EMsent,2024-09-08,0,13,0,0,0.0,9999.0,9999.0,9999.0,80+,Silver Ager,1.0,0,10,0,0
55388.0,EMsent,2024-07-15,0,11,0,0,0.0,9999.0,9999.0,9999.0,80+,Silver Ager,1.0,0,8,0,0
49295.0,EMsent,2024-06-09,0,10,0,0,0.0,9999.0,9999.0,9999.0,80+,Silver Ager,1.0,0,7,0,0
44710.0,EMsent,2024-05-12,0,9,0,0,0.0,9999.0,9999.0,9999.0,80+,Silver Ager,1.0,0,6,0,0
40456.0,EMsent,2024-04-14,0,7,0,0,0.0,9999.0,9999.0,9999.0,80+,Silver Ager,1.0,0,4,0,0
60256.0,EMsent,2024-08-11,0,12,0,0,0.0,9999.0,9999.0,9999.0,80+,Silver Ager,1.0,0,9,0,0
28232.0,EMsent,2024-02-11,0,5,0,0,0.0,9999.0,9999.0,9999.0,80+,Silver Ager,1.0,0,3,0,0
24494.0,EMsent,2024-01-14,0,4,0,0,0.0,9999.0,9999.0,9999.0,80+,Silver Ager,0.0,0,3,0,0
21450.0,EMsent,2023-12-15,0,3,0,0,0.0,9999.0,9999.0,9999.0,80+,Silver Ager,1.0,0,2,0,0
19748.0,EMsent,2023-12-10,0,2,0,0,0.0,9999.0,9999.0,9999.0,80+,Silver Ager,1.0,0,1,0,0
19096.0,EMsent,2023-12-01,0,1,0,0,0.0,9999.0,9999.0,9999.0,80+,Silver Ager,1.0,0,0,0,0
34062.0,EMsent,2024-03-10,0,6,0,0,0.0,9999.0,9999.0,9999.0,80+,Silver Ager,0.0,0,4,0,0
,DM_Offersent,2024-06-10,1,0,0,0,9999.0,9999.0,9999.0,9999.0,41-60,Singles,0.0,0,0,0,0
,DM_Offersent,2024-11-14,2,0,0,0,9999.0,157.0,9999.0,9999.0,41-60,Singles,0.0,0,0,0,0
65490.0,EMsent,2024-09-08,0,10,0,0,0.0,9999.0,9999.0,9999.0,80+,Silver Ager,0.0,0,0,0,0
60257.0,EMsent,2024-08-11,0,9,0,0,0.0,9999.0,9999.0,9999.0,80+,Silver Ager,0.0,0,0,0,0
55388.0,EMsent,2024-07-16,0,8,0,0,0.0,9999.0,9999.0,9999.0,80+,Silver Ager,0.0,0,0,0,0
49295.0,EMsent,2024-06-09,0,7,0,0,0.0,9999.0,9999.0,9999.0,80+,Silver Ager,0.0,0,0,0,0
44710.0,EMsent,2024-05-12,0,6,0,0,0.0,9999.0,9999.0,9999.0,80+,Silver Ager,0.0,0,0,0,0
34062.0,EMsent,2024-03-10,0,4,0,0,0.0,9999.0,9999.0,9999.0,80+,Silver Ager,0.0,0,0,0,0
28232.0,EMsent,2024-02-11,0,3,0,0,0.0,9999.0,9999.0,9999.0,80+,Silver Ager,0.0,0,0,0,0
24494.0,EMsent,2024-01-14,0,2,0,0,0.0,9999.0,9999.0,9999.0,80+,Silver Ager,0.0,0,0,0,0
19748.0,EMsent,2023-12-10,0,1,0,0,0.0,9999.0,9999.0,9999.0,80+,Silver Ager,0.0,0,0,0,0
40456.0,EMsent,2024-04-14,0,5,0,0,0.0,9999.0,9999.0,9999.0,80+,Silver Ager,0.0,0,0,0,0
,DM_Informationsent,2024-09-24,1,0,0,0,9999.0,9999.0,9999.0,9999.0,80+,Silver Ager,0.0,0,0,0,0
35578.0,EMsent,2024-03-17,1,10,0,0,0.0,2.0,9999.0,9999.0,61-80,Best Ager,3.0,0,9,5,0
,DM_Informationsent,2024-11-07,3,14,0,0,193.0,52.0,9999.0,9999.0,61-80,Best Ager,0.0,0,14,9,1
,DM_Offersent,2024-09-16,2,14,0,0,141.0,185.0,9999.0,9999.0,61-80,Best Ager,0.0,0,14,9,1
42756.0,EMsent,2024-04-28,1,14,0,0,0.0,44.0,9999.0,9999.0,61-80,Best Ager,-2.0,0,13,9,0
42715.0,EMsent,2024-04-26,1,13,0,0,0.0,42.0,9999.0,9999.0,61-80,Best Ager,3.0,0,12,8,0
,DM_Offersent,2024-11-14,4,14,0,0,200.0,7.0,9999.0,9999.0,61-80,Best Ager,0.0,0,14,9,1
40456.0,EMsent,2024-04-14,1,12,0,0,0.0,30.0,9999.0,9999.0,61-80,Best Ager,5.0,0,11,6,0
39051.0,EMsent,2024-04-02,1,11,0,0,0.0,18.0,9999.0,9999.0,61-80,Best Ager,1.0,0,10,6,0
,DM_Offersent,2024-03-15,1,9,0,0,4.0,9999.0,9999.0,9999.0,61-80,Best Ager,0.0,0,9,5,0
26376.0,EMsent,2024-01-28,0,5,0,0,0.0,9999.0,9999.0,9999.0,61-80,Best Ager,3.0,0,4,4,0
29430.0,EMsent,2024-02-17,0,8,0,0,0.0,9999.0,9999.0,9999.0,61-80,Best Ager,1.0,0,7,5,0
29158.0,EMsent,2024-02-15,0,7,0,0,0.0,9999.0,9999.0,9999.0,61-80,Best Ager,1.0,0,6,5,0
28232.0,EMsent,2024-02-11,0,6,0,0,0.0,9999.0,9999.0,9999.0,61-80,Best Ager,1.0,0,5,5,0
24494.0,EMsent,2024-01-14,0,4,0,0,0.0,9999.0,9999.0,9999.0,61-80,Best Ager,7.0,0,3,1,0
21450.0,EMsent,2023-12-15,0,3,0,0,0.0,9999.0,9999.0,9999.0,61-80,Best Ager,1.0,0,2,1,0
19748.0,EMsent,2023-12-10,0,2,0,0,0.0,9999.0,9999.0,9999.0,61-80,Best Ager,3.0,0,1,0,0
19096.0,EMsent,2023-12-01,0,1,0,0,0.0,9999.0,9999.0,9999.0,61-80,Best Ager,1.0,0,0,0,0
34062.0,EMsent,2024-03-10,0,9,0,0,0.0,9999.0,9999.0,9999.0,61-80,Best Ager,1.0,0,8,5,0
65489.0,EMsent,2024-09-08,0,14,0,0,0.0,9999.0,9999.0,9999.0,61-80,Silver Ager,1.0,0,12,3,0
60256.0,EMsent,2024-08-11,0,13,0,0,0.0,9999.0,9999.0,9999.0,61-80,Silver Ager,0.0,0,12,3,0
55388.0,EMsent,2024-07-16,0,12,0,0,0.0,9999.0,9999.0,9999.0,61-80,Silver Ager,1.0,0,11,3,0
44710.0,EMsent,2024-05-12,0,10,0,0,0.0,9999.0,9999.0,9999.0,61-80,Silver Ager,1.0,0,9,3,0
42715.0,EMsent,2024-04-26,0,9,0,0,0.0,9999.0,9999.0,9999.0,61-80,Silver Ager,1.0,0,8,3,0
40456.0,EMsent,2024-04-14,0,8,0,0,0.0,9999.0,9999.0,9999.0,61-80,Silver Ager,1.0,0,7,3,0
49295.0,EMsent,2024-06-09,0,11,0,0,0.0,9999.0,9999.0,9999.0,61-80,Silver Ager,1.0,0,10,3,0
34062.0,EMsent,2024-03-10,0,6,0,0,0.0,9999.0,9999.0,9999.0,61-80,Silver Ager,3.0,0,5,2,0
28232.0,EMsent,2024-02-11,0,5,0,0,0.0,9999.0,9999.0,9999.0,61-80,Silver Ager,3.0,0,4,1,0
24494.0,EMsent,2024-01-14,0,4,0,0,0.0,9999.0,9999.0,9999.0,61-80,Silver Ager,1.0,0,3,1,0
21450.0,EMsent,2023-12-15,0,3,0,0,0.0,9999.0,9999.0,9999.0,61-80,Silver Ager,1.0,0,2,1,0
19748.0,EMsent,2023-12-10,0,2,0,0,0.0,9999.0,9999.0,9999.0,61-80,Silver Ager,1.0,0,1,1,0
19096.0,EMsent,2023-12-01,0,1,0,0,0.0,9999.0,9999.0,9999.0,61-80,Silver Ager,3.0,0,0,0,0
35578.0,EMsent,2024-03-17,0,7,0,0,0.0,9999.0,9999.0,9999.0,61-80,Silver Ager,1.0,0,6,3,0
,DM_Offersent,2024-02-15,1,0,0,0,9999.0,9999.0,9999.0,9999.0,61-80,Best Ager,0.0,0,0,0,0
,DM_Offersent,2024-06-10,2,0,0,0,9999.0,116.0,9999.0,9999.0,61-80,Best Ager,0.0,0,0,0,0
,DM_Offersent,2024-11-14,3,0,0,0,9999.0,157.0,9999.0,9999.0,61-80,Best Ager,0.0,0,0,0,0
44710.0,EMsent,2024-05-12,1,14,0,0,0.0,58.0,9999.0,9999.0,61-80,Best Ager,1.0,0,12,0,0
,DM_Offersent,2024-05-13,2,14,0,0,1.0,59.0,9999.0,9999.0,61-80,Best Ager,0.0,0,13,0,0
48020.0,EMsent,2024-05-31,2,15,0,0,0.0,18.0,9999.0,9999.0,61-80,Best Ager,1.0,0,13,0,0
49295.0,EMsent,2024-06-09,2,16,0,0,0.0,27.0,9999.0,9999.0,61-80,Best Ager,3.0,0,14,0,0
55388.0,EMsent,2024-07-15,2,17,0,0,0.0,63.0,9999.0,9999.0,61-80,Best Ager,1.0,0,15,1,0
,DM_Offersent,2024-09-16,3,21,0,0,8.0,126.0,9999.0,9999.0,61-80,Best Ager,0.0,0,20,1,0
61960.0,EMsent,2024-08-21,2,19,0,0,0.0,100.0,9999.0,9999.0,61-80,Best Ager,1.0,0,17,1,0
64536.0,EMsent,2024-09-04,2,20,0,0,0.0,114.0,9999.0,9999.0,61-80,Best Ager,1.0,0,18,1,0
65489.0,EMsent,2024-09-08,2,21,0,0,0.0,118.0,9999.0,9999.0,61-80,Best Ager,1.0,0,19,1,0
44394.0,EMsent,2024-05-08,1,13,0,0,0.0,54.0,9999.0,9999.0,61-80,Best Ager,1.0,0,11,0,0
60256.0,EMsent,2024-08-11,2,18,0,0,0.0,90.0,9999.0,9999.0,61-80,Best Ager,1.0,0,16,1,0
42756.0,EMsent,2024-04-28,1,12,0,0,0.0,44.0,9999.0,9999.0,61-80,Best Ager,1.0,0,10,0,0
29158.0,EMsent,2024-02-15,0,5,0,0,0.0,9999.0,9999.0,9999.0,61-80,Best Ager,1.0,0,3,0,0
40456.0,EMsent,2024-04-14,1,10,0,0,0.0,30.0,9999.0,9999.0,61-80,Best Ager,1.0,0,8,0,0
19748.0,EMsent,2023-12-10,0,1,0,0,0.0,9999.0,9999.0,9999.0,61-80,Best Ager,1.0,0,0,0,0
24494.0,EMsent,2024-01-14,0,2,0,0,0.0,9999.0,9999.0,9999.0,61-80,Best Ager,0.0,0,1,0,0
26376.0,EMsent,2024-01-28,0,3,0,0,0.0,9999.0,9999.0,9999.0,61-80,Best Ager,1.0,0,1,0,0
28232.0,EMsent,2024-02-11,0,4,0,0,0.0,9999.0,9999.0,9999.0,61-80,Best Ager,1.0,0,2,0,0
42301.0,EMsent,2024-04-25,1,11,0,0,0.0,41.0,9999.0,9999.0,61-80,Best Ager,1.0,0,9,0,0
29430.0,EMsent,2024-02-17,0,6,0,0,0.0,9999.0,9999.0,9999.0,61-80,Best Ager,1.0,0,4,0,0
34062.0,EMsent,2024-03-10,0,7,0,0,0.0,9999.0,9999.0,9999.0,61-80,Best Ager,1.0,0,5,0,0
,DM_Offersent,2024-03-15,1,7,0,0,5.0,9999.0,9999.0,9999.0,61-80,Best Ager,0.0,0,6,0,0
35578.0,EMsent,2024-03-17,1,8,0,0,0.0,2.0,9999.0,9999.0,61-80,Best Ager,1.0,0,6,0,0
39070.0,EMsent,2024-04-03,1,9,0,0,0.0,19.0,9999.0,9999.0,61-80,Best Ager,1.0,0,7,0,0
,DM_Offersent,2024-02-16,1,0,0,0,9999.0,9999.0,9999.0,9999.0,61-80,Best Ager,0.0,0,0,0,0
,DM_Offersent,2024-04-15,2,0,0,0,9999.0,59.0,9999.0,9999.0,61-80,Best Ager,0.0,0,0,0,0
,DM_Offersent,2024-09-16,3,0,0,0,9999.0,154.0,9999.0,9999.0,61-80,Best Ager,0.0,0,0,0,0
,DM_Offersent,2024-04-15,1,0,0,0,9999.0,9999.0,9999.0,9999.0,61-80,Silver Ager,0.0,0,0,0,0
,DM_Offersent,2024-11-16,1,0,0,0,9999.0,9999.0,9999.0,9999.0,61-80,Best Ager,0.0,0,0,0,0
,DM_Offersent,2024-02-15,1,0,0,0,9999.0,9999.0,9999.0,9999.0,61-80,Best Ager,0.0,0,0,0,0
,DM_Offersent,2024-06-10,2,0,0,0,9999.0,116.0,9999.0,9999.0,61-80,Best Ager,0.0,0,0,0,0
,DM_Offersent,2024-11-14,3,0,0,0,9999.0,157.0,9999.0,9999.0,61-80,Best Ager,0.0,0,0,0,0
,DM_Offersent,2024-05-30,1,0,0,0,9999.0,9999.0,9999.0,9999.0,61-80,Best Ager,0.0,0,0,0,0
,DM_Offersent,2024-11-14,2,0,0,0,9999.0,168.0,9999.0,9999.0,61-80,Best Ager,0.0,0,0,0,0
,DM_Offersent,2024-11-14,4,0,0,0,9999.0,7.0,9999.0,9999.0,61-80,Best Ager,0.0,0,0,0,0
,DM_Informationsent,2024-11-07,3,0,0,0,9999.0,147.0,9999.0,9999.0,61-80,Best Ager,0.0,0,0,0,0
,DM_Offersent,2024-03-14,1,0,0,0,9999.0,9999.0,9999.0,9999.0,61-80,Best Ager,0.0,0,0,0,0
,DM_Offersent,2024-06-13,2,0,0,0,9999.0,91.0,9999.0,9999.0,61-80,Best Ager,0.0,0,0,0,0
44710.0,EMsent,2024-05-12,1,7,0,0,0.0,27.0,9999.0,9999.0,61-80,Silver Ager,1.0,0,6,1,0
19748.0,EMsent,2023-12-10,0,1,0,0,0.0,9999.0,9999.0,9999.0,61-80,Silver Ager,1.0,0,0,0,0
24494.0,EMsent,2024-01-14,0,2,0,0,0.0,9999.0,9999.0,9999.0,61-80,Silver Ager,3.0,0,1,0,0
28232.0,EMsent,2024-02-11,0,3,0,0,0.0,9999.0,9999.0,9999.0,61-80,Silver Ager,1.0,0,2,1,0
34062.0,EMsent,2024-03-10,0,4,0,0,0.0,9999.0,9999.0,9999.0,61-80,Silver Ager,1.0,0,3,1,0
35578.0,EMsent,2024-03-17,0,5,0,0,0.0,9999.0,9999.0,9999.0,61-80,Silver Ager,1.0,0,3,1,0
40456.0,EMsent,2024-04-14,0,6,0,0,0.0,9999.0,9999.0,9999.0,61-80,Silver Ager,1.0,0,5,1,0
,DM_Offersent,2024-04-15,1,6,0,0,1.0,9999.0,9999.0,9999.0,61-80,Silver Ager,0.0,0,5,1,0
49295.0,EMsent,2024-06-09,1,8,0,0,0.0,55.0,9999.0,9999.0,61-80,Silver Ager,1.0,0,7,1,0
55388.0,EMsent,2024-07-16,1,9,0,0,0.0,92.0,9999.0,9999.0,61-80,Silver Ager,1.0,0,8,1,0
60256.0,EMsent,2024-08-11,1,10,0,0,0.0,118.0,9999.0,9999.0,61-80,Silver Ager,1.0,0,8,1,0
65489.0,EMsent,2024-09-08,1,11,0,0,0.0,146.0,9999.0,9999.0,61-80,Silver Ager,1.0,0,10,1,0
55388.0,EMsent,2024-07-16,0,8,0,0,0.0,9999.0,9999.0,9999.0,80+,Silver Ager,1.0,0,5,0,0
49295.0,EMsent,2024-06-09,0,7,0,0,0.0,9999.0,9999.0,9999.0,80+,Silver Ager,1.0,0,4,0,0
65489.0,EMsent,2024-09-08,0,10,0,0,0.0,9999.0,9999.0,9999.0,80+,Silver Ager,1.0,0,7,0,0
60256.0,EMsent,2024-08-11,0,9,0,0,0.0,9999.0,9999.0,9999.0,80+,Silver Ager,1.0,0,6,0,0
44710.0,EMsent,2024-05-12,0,6,0,0,0.0,9999.0,9999.0,9999.0,80+,Silver Ager,1.0,0,3,0,0
24494.0,EMsent,2024-01-14,0,2,0,0,0.0,9999.0,9999.0,9999.0,80+,Silver Ager,0.0,0,1,0,0
34062.0,EMsent,2024-03-10,0,4,0,0,0.0,9999.0,9999.0,9999.0,80+,Silver Ager,1.0,0,1,0,0
28232.0,EMsent,2024-02-11,0,3,0,0,0.0,9999.0,9999.0,9999.0,80+,Silver Ager,0.0,0,1,0,0
40456.0,EMsent,2024-04-14,0,5,0,0,0.0,9999.0,9999.0,9999.0,80+,Silver Ager,1.0,0,2,0,0
19748.0,EMsent,2023-12-10,0,1,0,0,0.0,9999.0,9999.0,9999.0,80+,Silver Ager,1.0,0,0,0,0
,DM_Offersent,2024-04-15,1,0,0,0,9999.0,9999.0,9999.0,9999.0,61-80,Best Ager,0.0,0,0,0,0
,DM_Offersent,2024-06-13,2,0,0,0,9999.0,59.0,9999.0,9999.0,61-80,Best Ager,0.0,0,0,0,0
,DM_Offersent,2024-10-14,3,0,0,0,9999.0,123.0,9999.0,9999.0,61-80,Best Ager,0.0,0,0,0,0
,DM_Offersent,2024-03-15,1,0,0,0,9999.0,9999.0,9999.0,9999.0,61-80,Best Ager,0.0,0,0,0,0
,DM_Offersent,2024-09-16,2,0,0,0,9999.0,185.0,9999.0,9999.0,61-80,Best Ager,0.0,0,0,0,0
,DM_Offersent,2024-11-14,3,0,0,0,9999.0,59.0,9999.0,9999.0,61-80,Best Ager,0.0,0,0,0,0
,DM_Offersent,2024-09-16,3,0,0,0,9999.0,109.0,9999.0,9999.0,61-80,Best Ager,0.0,0,0,0,0
,DM_Offersent,2024-11-14,4,0,0,0,9999.0,59.0,9999.0,9999.0,61-80,Best Ager,0.0,0,0,0,0
,DM_Offersent,2024-02-15,1,0,0,0,9999.0,9999.0,9999.0,9999.0,61-80,Best Ager,0.0,0,0,0,0
,DM_Offersent,2024-05-30,2,0,0,0,9999.0,105.0,9999.0,9999.0,61-80,Best Ager,0.0,0,0,0,0
,DM_Offersent,2024-03-14,1,0,0,0,9999.0,9999.0,9999.0,9999.0,80+,Silver Ager,10.0,0,0,0,0
19748.0,EMsent,2023-12-10,0,1,0,0,0.0,9999.0,9999.0,9999.0,61-80,Best Ager,1.0,0,0,0,0
24494.0,EMsent,2024-01-14,0,2,0,0,0.0,9999.0,9999.0,9999.0,61-80,Best Ager,0.0,0,1,0,0
28232.0,EMsent,2024-02-11,0,3,0,0,0.0,9999.0,9999.0,9999.0,61-80,Best Ager,0.0,0,1,0,0
34062.0,EMsent,2024-03-10,0,4,0,0,0.0,9999.0,9999.0,9999.0,61-80,Best Ager,0.0,0,1,0,0
35578.0,EMsent,2024-03-17,0,5,0,0,0.0,9999.0,9999.0,9999.0,61-80,Best Ager,1.0,0,1,0,0
40456.0,EMsent,2024-04-14,0,6,0,0,0.0,9999.0,9999.0,9999.0,61-80,Best Ager,1.0,0,2,0,0
44710.0,EMsent,2024-05-12,0,7,0,0,0.0,9999.0,9999.0,9999.0,61-80,Best Ager,0.0,0,3,0,0
49295.0,EMsent,2024-06-09,0,8,0,0,0.0,9999.0,9999.0,9999.0,61-80,Best Ager,0.0,0,3,0,0
55388.0,EMsent,2024-07-15,0,9,0,0,0.0,9999.0,9999.0,9999.0,61-80,Best Ager,1.0,0,3,0,0
60256.0,EMsent,2024-08-11,0,10,0,0,0.0,9999.0,9999.0,9999.0,61-80,Best Ager,1.0,0,4,0,0
65489.0,EMsent,2024-09-08,0,11,0,0,0.0,9999.0,9999.0,9999.0,61-80,Best Ager,1.0,0,5,0,0
,DM_Informationsent,2024-11-07,4,0,0,0,9999.0,63.0,9999.0,9999.0,61-80,Best Ager,0.0,0,0,0,0
,DM_Offersent,2024-09-05,3,0,0,0,9999.0,98.0,9999.0,9999.0,61-80,Best Ager,0.0,0,0,0,0
,DM_Offersent,2024-05-30,2,0,0,0,9999.0,105.0,9999.0,9999.0,61-80,Best Ager,0.0,0,0,0,0
,DM_Offersent,2024-02-15,1,0,0,0,9999.0,9999.0,9999.0,9999.0,61-80,Best Ager,0.0,0,0,0,0
44710.0,EMsent,2024-05-12,0,9,0,0,0.0,9999.0,9999.0,9999.0,80+,Best Ager,0.0,0,2,0,0
60256.0,EMsent,2024-08-11,0,12,0,0,0.0,9999.0,9999.0,9999.0,80+,Best Ager,0.0,0,2,0,0
55388.0,EMsent,2024-07-16,0,11,0,0,0.0,9999.0,9999.0,9999.0,80+,Best Ager,0.0,0,2,0,0
49295.0,EMsent,2024-06-09,0,10,0,0,0.0,9999.0,9999.0,9999.0,80+,Best Ager,0.0,0,2,0,0
65489.0,EMsent,2024-09-08,0,13,0,0,0.0,9999.0,9999.0,9999.0,80+,Best Ager,0.0,0,2,0,0
42715.0,EMsent,2024-04-26,0,8,0,0,0.0,9999.0,9999.0,9999.0,80+,Best Ager,0.0,0,2,0,0
19096.0,EMsent,2023-12-01,0,1,0,0,0.0,9999.0,9999.0,9999.0,80+,Best Ager,1.0,0,0,0,0
34062.0,EMsent,2024-03-10,0,6,0,0,0.0,9999.0,9999.0,9999.0,80+,Best Ager,0.0,0,2,0,0
28232.0,EMsent,2024-02-11,0,5,0,0,0.0,9999.0,9999.0,9999.0,80+,Best Ager,0.0,0,2,0,0
24494.0,EMsent,2024-01-14,0,4,0,0,0.0,9999.0,9999.0,9999.0,80+,Best Ager,0.0,0,2,0,0
21450.0,EMsent,2023-12-15,0,3,0,0,0.0,9999.0,9999.0,9999.0,80+,Best Ager,1.0,0,1,0,0
19748.0,EMsent,2023-12-10,0,2,0,0,0.0,9999.0,9999.0,9999.0,80+,Best Ager,0.0,0,1,0,0
40456.0,EMsent,2024-04-14,0,7,0,0,0.0,9999.0,9999.0,9999.0,80+,Best Ager,0.0,0,2,0,0
65490.0,EMsent,2024-09-08,0,11,0,0,0.0,9999.0,9999.0,9999.0,61-80,Best Ager,1.0,0,10,0,0
60257.0,EMsent,2024-08-11,0,10,0,0,0.0,9999.0,9999.0,9999.0,61-80,Best Ager,1.0,0,9,0,0
49295.0,EMsent,2024-06-09,0,8,0,0,0.0,9999.0,9999.0,9999.0,61-80,Best Ager,1.0,0,7,0,0
44710.0,EMsent,2024-05-12,0,7,0,0,0.0,9999.0,9999.0,9999.0,61-80,Best Ager,1.0,0,6,0,0
40456.0,EMsent,2024-04-14,0,6,0,0,0.0,9999.0,9999.0,9999.0,61-80,Best Ager,1.0,0,5,0,0
55388.0,EMsent,2024-07-16,0,9,0,0,0.0,9999.0,9999.0,9999.0,61-80,Best Ager,1.0,0,8,0,0
34062.0,EMsent,2024-03-10,0,4,0,0,0.0,9999.0,9999.0,9999.0,61-80,Best Ager,1.0,0,3,0,0
28232.0,EMsent,2024-02-11,0,3,0,0,0.0,9999.0,9999.0,9999.0,61-80,Best Ager,1.0,0,2,0,0
24494.0,EMsent,2024-01-14,0,2,0,0,0.0,9999.0,9999.0,9999.0,61-80,Best Ager,1.0,0,1,0,0
19748.0,EMsent,2023-12-10,0,1,0,0,0.0,9999.0,9999.0,9999.0,61-80,Best Ager,1.0,0,0,0,0
35577.0,EMsent,2024-03-17,0,5,0,0,0.0,9999.0,9999.0,9999.0,61-80,Best Ager,1.0,0,4,0,0
21453.0,EMsent,2023-12-16,0,1,0,0,0.0,9999.0,9999.0,9999.0,80+,Silver Ager,1.0,0,0,0,0
24494.0,EMsent,2024-01-14,0,2,0,0,0.0,9999.0,9999.0,9999.0,80+,Silver Ager,3.0,0,1,0,0
55388.0,EMsent,2024-07-16,0,8,0,0,0.0,9999.0,9999.0,9999.0,80+,Silver Ager,1.0,0,6,0,0
49295.0,EMsent,2024-06-09,0,7,0,0,0.0,9999.0,9999.0,9999.0,80+,Silver Ager,1.0,0,5,0,0
44710.0,EMsent,2024-05-12,0,6,0,0,0.0,9999.0,9999.0,9999.0,80+,Silver Ager,1.0,0,4,0,0
40456.0,EMsent,2024-04-14,0,5,0,0,0.0,9999.0,9999.0,9999.0,80+,Silver Ager,1.0,0,3,0,0
24494.0,EMsent,2024-01-14,0,2,0,0,0.0,9999.0,9999.0,9999.0,80+,Silver Ager,1.0,0,1,0,0
28232.0,EMsent,2024-02-11,0,3,0,0,0.0,9999.0,9999.0,9999.0,80+,Silver Ager,0.0,0,2,0,0
19748.0,EMsent,2023-12-10,0,1,0,0,0.0,9999.0,9999.0,9999.0,80+,Silver Ager,1.0,0,0,0,0
60256.0,EMsent,2024-08-11,0,9,0,0,0.0,9999.0,9999.0,9999.0,80+,Silver Ager,1.0,0,7,0,0
34062.0,EMsent,2024-03-10,0,4,0,0,0.0,9999.0,9999.0,9999.0,80+,Silver Ager,1.0,0,2,0,0
65322.0,EMsent,2024-09-06,0,10,0,0,0.0,9999.0,9999.0,9999.0,80+,Silver Ager,0.0,0,8,0,0
,DM_Offersent,2024-06-10,2,0,0,0,9999.0,116.0,9999.0,9999.0,61-80,Best Ager,0.0,0,0,0,0
,DM_Offersent,2024-02-15,1,0,0,0,9999.0,9999.0,9999.0,9999.0,61-80,Best Ager,0.0,0,0,0,0
65321.0,EMsent,2024-09-06,0,11,0,0,0.0,9999.0,9999.0,9999.0,80+,Silver Ager,0.0,0,4,1,0
19748.0,EMsent,2023-12-10,0,1,0,0,0.0,9999.0,9999.0,9999.0,80+,Silver Ager,1.0,0,0,0,0
24494.0,EMsent,2024-01-14,0,2,0,0,0.0,9999.0,9999.0,9999.0,80+,Silver Ager,1.0,0,1,0,0
28232.0,EMsent,2024-02-11,0,3,0,0,0.0,9999.0,9999.0,9999.0,80+,Silver Ager,3.0,0,2,0,0
34062.0,EMsent,2024-03-10,0,4,0,0,0.0,9999.0,9999.0,9999.0,80+,Silver Ager,0.0,0,3,1,0
35578.0,EMsent,2024-03-17,0,5,0,0,0.0,9999.0,9999.0,9999.0,80+,Silver Ager,0.0,0,3,1,0
40456.0,EMsent,2024-04-14,0,6,0,0,0.0,9999.0,9999.0,9999.0,80+,Silver Ager,0.0,0,3,1,0
44710.0,EMsent,2024-05-12,0,7,0,0,0.0,9999.0,9999.0,9999.0,80+,Silver Ager,1.0,0,3,1,0
49295.0,EMsent,2024-06-09,0,8,0,0,0.0,9999.0,9999.0,9999.0,80+,Silver Ager,0.0,0,4,1,0
55388.0,EMsent,2024-07-15,0,9,0,0,0.0,9999.0,9999.0,9999.0,80+,Silver Ager,0.0,0,4,1,0
60256.0,EMsent,2024-08-11,0,10,0,0,0.0,9999.0,9999.0,9999.0,80+,Silver Ager,0.0,0,4,1,0
,DM_Offersent,2024-09-05,3,0,0,0,9999.0,98.0,9999.0,9999.0,61-80,Best Ager,0.0,0,0,0,0
,DM_Offersent,2024-11-14,4,0,0,0,9999.0,70.0,9999.0,9999.0,61-80,Best Ager,0.0,0,0,0,0
,DM_Offersent,2024-02-15,1,0,0,0,9999.0,9999.0,9999.0,9999.0,61-80,Best Ager,0.0,0,0,0,0
,DM_Offersent,2024-05-30,2,0,0,0,9999.0,105.0,9999.0,9999.0,61-80,Best Ager,0.0,0,0,0,0
19748.0,EMsent,2023-12-10,0,1,0,0,0.0,9999.0,9999.0,9999.0,80+,Silver Ager,0.0,0,0,0,0
24494.0,EMsent,2024-01-14,0,2,0,0,0.0,9999.0,9999.0,9999.0,80+,Silver Ager,1.0,0,0,0,0
28232.0,EMsent,2024-02-11,0,3,0,0,0.0,9999.0,9999.0,9999.0,80+,Silver Ager,3.0,0,1,0,0
34062.0,EMsent,2024-03-10,0,4,0,0,0.0,9999.0,9999.0,9999.0,80+,Silver Ager,3.0,0,2,1,0
48020.0,EMsent,2024-05-31,0,17,0,0,0.0,9999.0,9999.0,9999.0,61-80,Best Ager,0.0,0,1,0,0
44394.0,EMsent,2024-05-08,0,15,0,0,0.0,9999.0,9999.0,9999.0,61-80,Best Ager,0.0,0,1,0,0
44710.0,EMsent,2024-05-12,0,16,0,0,0.0,9999.0,9999.0,9999.0,61-80,Best Ager,0.0,0,1,0,0
49295.0,EMsent,2024-06-09,0,18,0,0,0.0,9999.0,9999.0,9999.0,61-80,Best Ager,0.0,0,1,0,0
42756.0,EMsent,2024-04-28,0,14,0,0,0.0,9999.0,9999.0,9999.0,61-80,Best Ager,0.0,0,1,0,0
55388.0,EMsent,2024-07-16,1,19,0,0,0.0,33.0,9999.0,9999.0,61-80,Best Ager,0.0,0,1,0,0
60248.0,EMsent,2024-08-10,1,20,0,0,0.0,58.0,9999.0,9999.0,61-80,Best Ager,0.0,0,1,0,0
65490.0,EMsent,2024-09-08,1,21,0,0,0.0,87.0,9999.0,9999.0,61-80,Best Ager,0.0,0,1,0,0
66599.0,EMsent,2024-09-12,1,22,0,0,0.0,91.0,9999.0,9999.0,61-80,Best Ager,0.0,0,1,0,0
,DM_Offersent,2024-06-13,1,18,0,0,4.0,9999.0,9999.0,9999.0,61-80,Best Ager,0.0,0,1,0,0
,DM_Offersent,2024-10-14,2,22,0,0,32.0,123.0,9999.0,9999.0,61-80,Best Ager,0.0,0,1,0,0
42715.0,EMsent,2024-04-26,0,13,0,0,0.0,9999.0,9999.0,9999.0,61-80,Best Ager,0.0,0,1,0,0
39051.0,EMsent,2024-04-02,0,11,0,0,0.0,9999.0,9999.0,9999.0,61-80,Best Ager,0.0,0,1,0,0
40456.0,EMsent,2024-04-14,0,12,0,0,0.0,9999.0,9999.0,9999.0,61-80,Best Ager,0.0,0,1,0,0
19748.0,EMsent,2023-12-10,0,2,0,0,0.0,9999.0,9999.0,9999.0,61-80,Best Ager,0.0,0,0,0,0
21450.0,EMsent,2023-12-15,0,3,0,0,0.0,9999.0,9999.0,9999.0,61-80,Best Ager,0.0,0,0,0,0
24494.0,EMsent,2024-01-14,0,4,0,0,0.0,9999.0,9999.0,9999.0,61-80,Best Ager,0.0,0,0,0,0
26376.0,EMsent,2024-01-28,0,5,0,0,0.0,9999.0,9999.0,9999.0,61-80,Best Ager,0.0,0,0,0,0
19096.0,EMsent,2023-12-01,0,1,0,0,0.0,9999.0,9999.0,9999.0,61-80,Best Ager,0.0,0,0,0,0
29158.0,EMsent,2024-02-15,0,7,0,0,0.0,9999.0,9999.0,9999.0,61-80,Best Ager,0.0,0,0,0,0
29430.0,EMsent,2024-02-17,0,8,0,0,0.0,9999.0,9999.0,9999.0,61-80,Best Ager,1.0,0,0,0,0
34062.0,EMsent,2024-03-10,0,9,0,0,0.0,9999.0,9999.0,9999.0,61-80,Best Ager,0.0,0,1,0,0
35577.0,EMsent,2024-03-17,0,10,0,0,0.0,9999.0,9999.0,9999.0,61-80,Best Ager,0.0,0,1,0,0
28232.0,EMsent,2024-02-11,0,6,0,0,0.0,9999.0,9999.0,9999.0,61-80,Best Ager,0.0,0,0,0,0
,DM_Offersent,2024-04-15,1,11,0,0,1.0,9999.0,9999.0,9999.0,61-80,Best Ager,0.0,0,1,0,0
65322.0,EMsent,2024-09-06,1,19,0,0,0.0,144.0,9999.0,9999.0,61-80,Best Ager,0.0,0,1,0,0
60256.0,EMsent,2024-08-11,1,18,0,0,0.0,118.0,9999.0,9999.0,61-80,Best Ager,0.0,0,1,0,0
55388.0,EMsent,2024-07-16,1,17,0,0,0.0,92.0,9999.0,9999.0,61-80,Best Ager,0.0,0,1,0,0
49295.0,EMsent,2024-06-09,1,16,0,0,0.0,55.0,9999.0,9999.0,61-80,Best Ager,0.0,0,1,0,0
44710.0,EMsent,2024-05-12,1,15,0,0,0.0,27.0,9999.0,9999.0,61-80,Best Ager,0.0,0,1,0,0
44394.0,EMsent,2024-05-08,1,14,0,0,0.0,23.0,9999.0,9999.0,61-80,Best Ager,0.0,0,1,0,0
42756.0,EMsent,2024-04-28,1,13,0,0,0.0,13.0,9999.0,9999.0,61-80,Best Ager,0.0,0,1,0,0
42715.0,EMsent,2024-04-26,1,12,0,0,0.0,11.0,9999.0,9999.0,61-80,Best Ager,0.0,0,1,0,0
40456.0,EMsent,2024-04-14,0,11,0,0,0.0,9999.0,9999.0,9999.0,61-80,Best Ager,0.0,0,1,0,0
34062.0,EMsent,2024-03-10,0,8,0,0,0.0,9999.0,9999.0,9999.0,61-80,Best Ager,0.0,0,1,0,0
35578.0,EMsent,2024-03-17,0,9,0,0,0.0,9999.0,9999.0,9999.0,61-80,Best Ager,0.0,0,1,0,0
29158.0,EMsent,2024-02-15,0,7,0,0,0.0,9999.0,9999.0,9999.0,61-80,Best Ager,0.0,0,1,0,0
28232.0,EMsent,2024-02-11,0,6,0,0,0.0,9999.0,9999.0,9999.0,61-80,Best Ager,0.0,0,1,0,0
26376.0,EMsent,2024-01-28,0,5,0,0,0.0,9999.0,9999.0,9999.0,61-80,Best Ager,0.0,0,1,0,0
24494.0,EMsent,2024-01-14,0,4,0,0,0.0,9999.0,9999.0,9999.0,61-80,Best Ager,0.0,0,1,0,0
21450.0,EMsent,2023-12-15,0,3,0,0,0.0,9999.0,9999.0,9999.0,61-80,Best Ager,0.0,0,1,0,0
19748.0,EMsent,2023-12-10,0,2,0,0,0.0,9999.0,9999.0,9999.0,61-80,Best Ager,0.0,0,0,0,0
19096.0,EMsent,2023-12-01,0,1,0,0,0.0,9999.0,9999.0,9999.0,61-80,Best Ager,1.0,0,0,0,0
39051.0,EMsent,2024-04-02,0,10,0,0,0.0,9999.0,9999.0,9999.0,61-80,Best Ager,0.0,0,1,0,0
,DM_Offersent,2024-03-14,1,0,0,0,9999.0,9999.0,9999.0,9999.0,61-80,Best Ager,0.0,0,0,0,0
,DM_Offersent,2024-08-15,2,0,0,0,9999.0,154.0,9999.0,9999.0,61-80,Best Ager,0.0,0,0,0,0
,DM_Offersent,2024-10-24,3,0,0,0,9999.0,70.0,9999.0,9999.0,61-80,Best Ager,0.0,0,0,0,0
49295.0,EMsent,2024-06-09,0,7,0,0,0.0,9999.0,9999.0,9999.0,80+,Silver Ager,1.0,0,4,0,0
60257.0,EMsent,2024-08-11,0,9,0,0,0.0,9999.0,9999.0,9999.0,80+,Silver Ager,-2.0,0,6,0,0
55388.0,EMsent,2024-07-16,0,8,0,0,0.0,9999.0,9999.0,9999.0,80+,Silver Ager,1.0,0,5,0,0
44710.0,EMsent,2024-05-12,0,6,0,0,0.0,9999.0,9999.0,9999.0,80+,Silver Ager,0.0,0,4,0,0
24494.0,EMsent,2024-01-14,0,2,0,0,0.0,9999.0,9999.0,9999.0,80+,Silver Ager,1.0,0,1,0,0
34062.0,EMsent,2024-03-10,0,4,0,0,0.0,9999.0,9999.0,9999.0,80+,Silver Ager,1.0,0,2,0,0
28232.0,EMsent,2024-02-11,0,3,0,0,0.0,9999.0,9999.0,9999.0,80+,Silver Ager,0.0,0,2,0,0
40456.0,EMsent,2024-04-14,0,5,0,0,0.0,9999.0,9999.0,9999.0,80+,Silver Ager,1.0,0,3,0,0
19748.0,EMsent,2023-12-10,0,1,0,0,0.0,9999.0,9999.0,9999.0,80+,Silver Ager,1.0,0,0,0,0
,DM_Offersent,2024-03-14,1,0,0,0,9999.0,9999.0,9999.0,9999.0,61-80,Best Ager,0.0,0,0,0,0
,DM_Offersent,2024-06-13,2,0,0,0,9999.0,91.0,9999.0,9999.0,61-80,Best Ager,0.0,0,0,0,0
,DM_Offersent,2024-11-14,3,0,0,0,9999.0,154.0,9999.0,9999.0,61-80,Best Ager,0.0,0,0,0,0
60257.0,EMsent,2024-08-11,0,9,0,0,0.0,9999.0,9999.0,9999.0,80+,Silver Ager,1.0,0,7,0,0
55388.0,EMsent,2024-07-16,0,8,0,0,0.0,9999.0,9999.0,9999.0,80+,Silver Ager,1.0,0,6,0,0
49295.0,EMsent,2024-06-09,0,7,0,0,0.0,9999.0,9999.0,9999.0,80+,Silver Ager,1.0,0,5,0,0
44710.0,EMsent,2024-05-12,0,6,0,0,0.0,9999.0,9999.0,9999.0,80+,Silver Ager,1.0,0,4,0,0
65490.0,EMsent,2024-09-08,0,10,0,0,0.0,9999.0,9999.0,9999.0,80+,Silver Ager,3.0,0,8,0,0
34062.0,EMsent,2024-03-10,0,4,0,0,0.0,9999.0,9999.0,9999.0,80+,Silver Ager,1.0,0,2,0,0
28232.0,EMsent,2024-02-11,0,3,0,0,0.0,9999.0,9999.0,9999.0,80+,Silver Ager,1.0,0,1,0,0
24494.0,EMsent,2024-01-14,0,2,0,0,0.0,9999.0,9999.0,9999.0,80+,Silver Ager,0.0,0,1,0,0
19748.0,EMsent,2023-12-10,0,1,0,0,0.0,9999.0,9999.0,9999.0,80+,Silver Ager,1.0,0,0,0,0
40456.0,EMsent,2024-04-14,0,5,0,0,0.0,9999.0,9999.0,9999.0,80+,Silver Ager,1.0,0,3,0,0
19748.0,EMsent,2023-12-10,0,1,0,0,0.0,9999.0,9999.0,9999.0,80+,Silver Ager,0.0,0,0,0,0
,DM_Offersent,2024-02-16,1,0,0,0,9999.0,9999.0,9999.0,9999.0,41-60,DINKS,0.0,0,0,0,0
,DM_Offersent,2024-09-16,2,0,0,0,9999.0,213.0,9999.0,9999.0,41-60,DINKS,0.0,0,0,0,0
,DM_Offersent,2024-11-14,3,0,0,0,9999.0,59.0,9999.0,9999.0,41-60,DINKS,0.0,0,0,0,0
34062.0,EMsent,2024-03-10,0,3,0,0,0.0,9999.0,9999.0,9999.0,80+,Silver Ager,0.0,0,0,0,0
28232.0,EMsent,2024-02-11,0,2,0,0,0.0,9999.0,9999.0,9999.0,80+,Silver Ager,0.0,0,0,0,0
24494.0,EMsent,2024-01-14,0,1,0,0,0.0,9999.0,9999.0,9999.0,80+,Silver Ager,0.0,0,0,0,0
,DM_Offersent,2024-05-13,2,10,0,0,1.0,60.0,9999.0,9999.0,61-80,Best Ager,0.0,0,10,0,0
,DM_Offersent,2024-09-16,3,16,0,0,1.0,126.0,9999.0,9999.0,61-80,Best Ager,0.0,0,16,0,0
66948.0,EMsent,2024-09-15,2,16,0,0,0.0,125.0,9999.0,9999.0,61-80,Best Ager,1.0,0,15,0,0
65491.0,EMsent,2024-09-08,2,15,0,0,0.0,118.0,9999.0,9999.0,61-80,Best Ager,1.0,0,14,0,0
60258.0,EMsent,2024-08-11,2,14,0,0,0.0,90.0,9999.0,9999.0,61-80,Best Ager,1.0,0,13,0,0
55388.0,EMsent,2024-07-16,2,13,0,0,0.0,64.0,9999.0,9999.0,61-80,Best Ager,1.0,0,12,0,0
49295.0,EMsent,2024-06-09,2,12,0,0,0.0,27.0,9999.0,9999.0,61-80,Best Ager,1.0,0,11,0,0
48020.0,EMsent,2024-05-31,2,11,0,0,0.0,18.0,9999.0,9999.0,61-80,Best Ager,1.0,0,10,0,0
,DM_Offersent,2024-10-24,4,16,0,0,39.0,38.0,9999.0,9999.0,61-80,Best Ager,0.0,0,16,0,0
44710.0,EMsent,2024-05-12,1,10,0,0,0.0,59.0,9999.0,9999.0,61-80,Best Ager,1.0,0,9,0,0
40456.0,EMsent,2024-04-14,1,7,0,0,0.0,31.0,9999.0,9999.0,61-80,Best Ager,1.0,0,6,0,0
42756.0,EMsent,2024-04-28,1,8,0,0,0.0,45.0,9999.0,9999.0,61-80,Best Ager,1.0,0,7,0,0
,DM_Offersent,2024-03-14,1,6,0,0,4.0,9999.0,9999.0,9999.0,61-80,Best Ager,0.0,0,6,0,0
34062.0,EMsent,2024-03-10,0,6,0,0,0.0,9999.0,9999.0,9999.0,61-80,Best Ager,1.0,0,5,0,0
29158.0,EMsent,2024-02-15,0,5,0,0,0.0,9999.0,9999.0,9999.0,61-80,Best Ager,1.0,0,4,0,0
28232.0,EMsent,2024-02-11,0,4,0,0,0.0,9999.0,9999.0,9999.0,61-80,Best Ager,1.0,0,3,0,0
26376.0,EMsent,2024-01-28,0,3,0,0,0.0,9999.0,9999.0,9999.0,61-80,Best Ager,1.0,0,2,0,0
24494.0,EMsent,2024-01-14,0,2,0,0,0.0,9999.0,9999.0,9999.0,61-80,Best Ager,1.0,0,1,0,0
19748.0,EMsent,2023-12-10,0,1,0,0,0.0,9999.0,9999.0,9999.0,61-80,Best Ager,1.0,0,0,0,0
44394.0,EMsent,2024-05-08,1,9,0,0,0.0,55.0,9999.0,9999.0,61-80,Best Ager,1.0,0,8,0,0
65489.0,EMsent,2024-09-08,1,11,0,0,0.0,146.0,9999.0,9999.0,61-80,Silver Ager,1.0,0,4,0,0
60256.0,EMsent,2024-08-11,1,10,0,0,0.0,118.0,9999.0,9999.0,61-80,Silver Ager,1.0,0,3,0,0
55388.0,EMsent,2024-07-16,1,9,0,0,0.0,92.0,9999.0,9999.0,61-80,Silver Ager,1.0,0,2,0,0
44710.0,EMsent,2024-05-12,1,7,0,0,0.0,27.0,9999.0,9999.0,61-80,Silver Ager,1.0,0,1,0,0
,DM_Offersent,2024-04-15,1,6,0,0,1.0,9999.0,9999.0,9999.0,61-80,Silver Ager,0.0,0,1,0,0
49295.0,EMsent,2024-06-09,1,8,0,0,0.0,55.0,9999.0,9999.0,61-80,Silver Ager,0.0,0,2,0,0
35578.0,EMsent,2024-03-17,0,5,0,0,0.0,9999.0,9999.0,9999.0,61-80,Silver Ager,0.0,0,0,0,0
34062.0,EMsent,2024-03-10,0,4,0,0,0.0,9999.0,9999.0,9999.0,61-80,Silver Ager,0.0,0,0,0,0
28232.0,EMsent,2024-02-11,0,3,0,0,0.0,9999.0,9999.0,9999.0,61-80,Silver Ager,0.0,0,0,0,0
24494.0,EMsent,2024-01-14,0,2,0,0,0.0,9999.0,9999.0,9999.0,61-80,Silver Ager,0.0,0,0,0,0
19748.0,EMsent,2023-12-10,0,1,0,0,0.0,9999.0,9999.0,9999.0,61-80,Silver Ager,0.0,0,0,0,0
40456.0,EMsent,2024-04-14,0,6,0,0,0.0,9999.0,9999.0,9999.0,61-80,Silver Ager,1.0,0,0,0,0
,DM_Offersent,2024-04-15,1,0,0,0,9999.0,9999.0,9999.0,9999.0,61-80,Family,0.0,0,0,0,0
,DM_Offersent,2024-03-14,1,0,0,0,9999.0,9999.0,9999.0,9999.0,80+,Silver Ager,0.0,0,0,0,0
44394.0,EMsent,2024-05-08,1,14,0,0,0.0,83.0,9999.0,9999.0,61-80,Best Ager,1.0,0,9,1,0
44710.0,EMsent,2024-05-12,1,15,0,0,0.0,87.0,9999.0,9999.0,61-80,Best Ager,1.0,0,10,1,0
,DM_Offersent,2024-05-30,2,15,0,0,18.0,105.0,9999.0,9999.0,61-80,Best Ager,0.0,0,11,1,0
49295.0,EMsent,2024-06-09,2,16,0,0,0.0,10.0,9999.0,9999.0,61-80,Best Ager,1.0,0,11,1,0
51099.0,EMsent,2024-06-20,2,17,0,0,0.0,21.0,9999.0,9999.0,61-80,Best Ager,1.0,0,12,1,0
65322.0,EMsent,2024-09-06,2,21,0,0,0.0,99.0,9999.0,9999.0,61-80,Best Ager,1.0,0,15,1,0
56805.0,EMsent,2024-07-25,2,19,0,0,0.0,56.0,9999.0,9999.0,61-80,Best Ager,1.0,0,14,1,0
60256.0,EMsent,2024-08-11,2,20,0,0,0.0,73.0,9999.0,9999.0,61-80,Best Ager,0.0,0,15,1,0
66948.0,EMsent,2024-09-15,2,22,0,0,0.0,108.0,9999.0,9999.0,61-80,Best Ager,1.0,0,16,1,0
,DM_Offersent,2024-09-16,3,22,0,0,1.0,109.0,9999.0,9999.0,61-80,Best Ager,0.0,0,17,1,0
,DM_Offersent,2024-11-14,4,22,0,0,60.0,59.0,9999.0,9999.0,61-80,Best Ager,0.0,0,17,1,0
55388.0,EMsent,2024-07-15,2,18,0,0,0.0,46.0,9999.0,9999.0,61-80,Best Ager,1.0,0,13,1,0
40456.0,EMsent,2024-04-14,1,13,0,0,0.0,59.0,9999.0,9999.0,61-80,Best Ager,3.0,0,8,0,0
38960.0,EMsent,2024-04-02,1,11,0,0,0.0,47.0,9999.0,9999.0,61-80,Best Ager,1.0,0,6,0,0
36466.0,EMsent,2024-03-21,1,10,0,0,0.0,35.0,9999.0,9999.0,61-80,Best Ager,1.0,0,5,0,0
39051.0,EMsent,2024-04-02,1,12,0,0,0.0,47.0,9999.0,9999.0,61-80,Best Ager,1.0,0,6,0,0
19748.0,EMsent,2023-12-10,0,1,0,0,0.0,9999.0,9999.0,9999.0,61-80,Best Ager,1.0,0,0,0,0
26296.0,EMsent,2024-01-26,0,3,0,0,0.0,9999.0,9999.0,9999.0,61-80,Best Ager,1.0,0,1,0,0
26376.0,EMsent,2024-01-28,0,4,0,0,0.0,9999.0,9999.0,9999.0,61-80,Best Ager,0.0,0,2,0,0
27986.0,EMsent,2024-02-08,0,5,0,0,0.0,9999.0,9999.0,9999.0,61-80,Best Ager,0.0,0,2,0,0
24494.0,EMsent,2024-01-14,0,2,0,0,0.0,9999.0,9999.0,9999.0,61-80,Best Ager,0.0,0,1,0,0
,DM_Offersent,2024-02-15,1,6,0,0,4.0,9999.0,9999.0,9999.0,61-80,Best Ager,0.0,0,2,0,0
29158.0,EMsent,2024-02-15,1,7,0,0,0.0,0.0,9999.0,9999.0,61-80,Best Ager,1.0,0,2,0,0
34062.0,EMsent,2024-03-10,1,8,0,0,0.0,24.0,9999.0,9999.0,61-80,Best Ager,1.0,0,3,0,0
35578.0,EMsent,2024-03-17,1,9,0,0,0.0,31.0,9999.0,9999.0,61-80,Best Ager,1.0,0,4,0,0
28232.0,EMsent,2024-02-11,0,6,0,0,0.0,9999.0,9999.0,9999.0,61-80,Best Ager,0.0,0,2,0,0
,DM_Offersent,2024-02-15,1,0,0,0,9999.0,9999.0,9999.0,9999.0,41-60,DINKS,0.0,0,0,0,0
,DM_Offersent,2024-06-10,2,0,0,0,9999.0,116.0,9999.0,9999.0,41-60,DINKS,0.0,0,0,0,0
,DM_Offersent,2024-11-14,3,0,0,0,9999.0,157.0,9999.0,9999.0,41-60,DINKS,0.0,0,0,0,0
49295.0,EMsent,2024-06-09,0,7,0,0,0.0,9999.0,9999.0,9999.0,80+,Silver Ager,0.0,0,2,0,0
65321.0,EMsent,2024-09-06,0,10,0,0,0.0,9999.0,9999.0,9999.0,80+,Silver Ager,1.0,0,3,0,0
60256.0,EMsent,2024-08-11,0,9,0,0,0.0,9999.0,9999.0,9999.0,80+,Silver Ager,1.0,0,2,0,0
55388.0,EMsent,2024-07-16,0,8,0,0,0.0,9999.0,9999.0,9999.0,80+,Silver Ager,0.0,0,2,0,0
44710.0,EMsent,2024-05-12,0,6,0,0,0.0,9999.0,9999.0,9999.0,80+,Silver Ager,0.0,0,2,0,0
19748.0,EMsent,2023-12-10,0,1,0,0,0.0,9999.0,9999.0,9999.0,80+,Silver Ager,0.0,0,0,0,0
34062.0,EMsent,2024-03-10,0,4,0,0,0.0,9999.0,9999.0,9999.0,80+,Silver Ager,1.0,0,1,0,0
28232.0,EMsent,2024-02-11,0,3,0,0,0.0,9999.0,9999.0,9999.0,80+,Silver Ager,1.0,0,0,0,0
24494.0,EMsent,2024-01-14,0,2,0,0,0.0,9999.0,9999.0,9999.0,80+,Silver Ager,0.0,0,0,0,0
40456.0,EMsent,2024-04-14,0,5,0,0,0.0,9999.0,9999.0,9999.0,80+,Silver Ager,0.0,0,2,0,0
,DM_Offersent,2024-11-16,1,0,0,0,9999.0,9999.0,9999.0,9999.0,61-80,Best Ager,0.0,0,0,0,0
,DM_Offersent,2024-06-10,1,0,0,0,9999.0,9999.0,9999.0,9999.0,61-80,Best Ager,0.0,0,0,0,0
49295.0,EMsent,2024-06-09,0,7,0,0,0.0,9999.0,9999.0,9999.0,80+,Silver Ager,0.0,0,2,0,0
65489.0,EMsent,2024-09-08,0,10,0,0,0.0,9999.0,9999.0,9999.0,80+,Silver Ager,1.0,0,2,0,0
60256.0,EMsent,2024-08-11,0,9,0,0,0.0,9999.0,9999.0,9999.0,80+,Silver Ager,0.0,0,2,0,0
55388.0,EMsent,2024-07-16,0,8,0,0,0.0,9999.0,9999.0,9999.0,80+,Silver Ager,0.0,0,2,0,0
44710.0,EMsent,2024-05-12,0,6,0,0,0.0,9999.0,9999.0,9999.0,80+,Silver Ager,0.0,0,2,0,0
19748.0,EMsent,2023-12-10,0,1,0,0,0.0,9999.0,9999.0,9999.0,80+,Silver Ager,0.0,0,0,0,0
34062.0,EMsent,2024-03-10,0,4,0,0,0.0,9999.0,9999.0,9999.0,80+,Silver Ager,1.0,0,1,0,0
28232.0,EMsent,2024-02-11,0,3,0,0,0.0,9999.0,9999.0,9999.0,80+,Silver Ager,1.0,0,0,0,0
24494.0,EMsent,2024-01-14,0,2,0,0,0.0,9999.0,9999.0,9999.0,80+,Silver Ager,0.0,0,0,0,0
40456.0,EMsent,2024-04-14,0,5,0,0,0.0,9999.0,9999.0,9999.0,80+,Silver Ager,0.0,0,2,0,0
65489.0,EMsent,2024-09-08,0,10,0,0,0.0,9999.0,9999.0,9999.0,80+,Silver Ager,0.0,0,0,0,0
60256.0,EMsent,2024-08-11,0,9,0,0,0.0,9999.0,9999.0,9999.0,80+,Silver Ager,0.0,0,0,0,0
55388.0,EMsent,2024-07-15,0,8,0,0,0.0,9999.0,9999.0,9999.0,80+,Silver Ager,0.0,0,0,0,0
49295.0,EMsent,2024-06-09,0,7,0,0,0.0,9999.0,9999.0,9999.0,80+,Silver Ager,0.0,0,0,0,0
44710.0,EMsent,2024-05-12,0,6,0,0,0.0,9999.0,9999.0,9999.0,80+,Silver Ager,0.0,0,0,0,0
34062.0,EMsent,2024-03-10,0,4,0,0,0.0,9999.0,9999.0,9999.0,80+,Silver Ager,0.0,0,0,0,0
28232.0,EMsent,2024-02-11,0,3,0,0,0.0,9999.0,9999.0,9999.0,80+,Silver Ager,0.0,0,0,0,0
24494.0,EMsent,2024-01-14,0,2,0,0,0.0,9999.0,9999.0,9999.0,80+,Silver Ager,0.0,0,0,0,0
19748.0,EMsent,2023-12-10,0,1,0,0,0.0,9999.0,9999.0,9999.0,80+,Silver Ager,0.0,0,0,0,0
40456.0,EMsent,2024-04-14,0,5,0,0,0.0,9999.0,9999.0,9999.0,80+,Silver Ager,0.0,0,0,0,0
44710.0,EMsent,2024-05-12,0,9,0,0,0.0,9999.0,9999.0,9999.0,80+,Silver Ager,0.0,0,1,0,0
65489.0,EMsent,2024-09-08,0,13,0,0,0.0,9999.0,9999.0,9999.0,80+,Silver Ager,0.0,0,1,0,0
60256.0,EMsent,2024-08-11,0,12,0,0,0.0,9999.0,9999.0,9999.0,80+,Silver Ager,0.0,0,1,0,0
55388.0,EMsent,2024-07-16,0,11,0,0,0.0,9999.0,9999.0,9999.0,80+,Silver Ager,0.0,0,1,0,0
49295.0,EMsent,2024-06-09,0,10,0,0,0.0,9999.0,9999.0,9999.0,80+,Silver Ager,0.0,0,1,0,0
42715.0,EMsent,2024-04-26,0,8,0,0,0.0,9999.0,9999.0,9999.0,80+,Silver Ager,0.0,0,1,0,0
28232.0,EMsent,2024-02-11,0,5,0,0,0.0,9999.0,9999.0,9999.0,80+,Silver Ager,0.0,0,1,0,0
34062.0,EMsent,2024-03-10,0,6,0,0,0.0,9999.0,9999.0,9999.0,80+,Silver Ager,0.0,0,1,0,0
24494.0,EMsent,2024-01-14,0,4,0,0,0.0,9999.0,9999.0,9999.0,80+,Silver Ager,0.0,0,1,0,0
21450.0,EMsent,2023-12-15,0,3,0,0,0.0,9999.0,9999.0,9999.0,80+,Silver Ager,0.0,0,1,0,0
19748.0,EMsent,2023-12-10,0,2,0,0,0.0,9999.0,9999.0,9999.0,80+,Silver Ager,1.0,0,0,0,0
19096.0,EMsent,2023-12-01,0,1,0,0,0.0,9999.0,9999.0,9999.0,80+,Silver Ager,0.0,0,0,0,0
40456.0,EMsent,2024-04-14,0,7,0,0,0.0,9999.0,9999.0,9999.0,80+,Silver Ager,0.0,0,1,0,0
60256.0,EMsent,2024-08-11,0,9,0,0,0.0,9999.0,9999.0,9999.0,80+,Silver Ager,1.0,0,7,0,0
55388.0,EMsent,2024-07-16,0,8,0,0,0.0,9999.0,9999.0,9999.0,80+,Silver Ager,1.0,0,6,0,0
49295.0,EMsent,2024-06-09,0,7,0,0,0.0,9999.0,9999.0,9999.0,80+,Silver Ager,1.0,0,5,0,0
44710.0,EMsent,2024-05-12,0,6,0,0,0.0,9999.0,9999.0,9999.0,80+,Silver Ager,1.0,0,4,0,0
28232.0,EMsent,2024-02-11,0,3,0,0,0.0,9999.0,9999.0,9999.0,80+,Silver Ager,1.0,0,1,0,0
34062.0,EMsent,2024-03-10,0,4,0,0,0.0,9999.0,9999.0,9999.0,80+,Silver Ager,1.0,0,2,0,0
24494.0,EMsent,2024-01-14,0,2,0,0,0.0,9999.0,9999.0,9999.0,80+,Silver Ager,0.0,0,1,0,0
19748.0,EMsent,2023-12-10,0,1,0,0,0.0,9999.0,9999.0,9999.0,80+,Silver Ager,1.0,0,0,0,0
65489.0,EMsent,2024-09-08,0,10,0,0,0.0,9999.0,9999.0,9999.0,80+,Silver Ager,1.0,0,8,0,0
40456.0,EMsent,2024-04-14,0,5,0,0,0.0,9999.0,9999.0,9999.0,80+,Silver Ager,1.0,0,3,0,0
,DM_Offersent,2024-11-16,2,0,0,0,9999.0,159.0,9999.0,9999.0,61-80,Best Ager,0.0,0,0,0,0
,DM_Offersent,2024-06-10,1,0,0,0,9999.0,9999.0,9999.0,9999.0,61-80,Best Ager,0.0,0,0,0,0
,DM_Offersent,2024-02-16,1,0,0,0,9999.0,9999.0,9999.0,9999.0,61-80,Best Ager,0.0,0,0,0,0
,DM_Offersent,2024-03-14,2,0,0,0,9999.0,27.0,9999.0,9999.0,61-80,Best Ager,0.0,0,0,0,0
,DM_Offersent,2024-04-15,3,0,0,0,9999.0,32.0,9999.0,9999.0,61-80,Best Ager,0.0,0,0,0,0
65489.0,EMsent,2024-09-08,0,10,0,0,0.0,9999.0,9999.0,9999.0,80+,Silver Ager,1.0,0,4,0,0
55388.0,EMsent,2024-07-16,0,8,0,0,0.0,9999.0,9999.0,9999.0,80+,Silver Ager,0.0,0,4,0,0
49295.0,EMsent,2024-06-09,0,7,0,0,0.0,9999.0,9999.0,9999.0,80+,Silver Ager,1.0,0,3,0,0
44710.0,EMsent,2024-05-12,0,6,0,0,0.0,9999.0,9999.0,9999.0,80+,Silver Ager,1.0,0,2,0,0
60256.0,EMsent,2024-08-11,0,9,0,0,0.0,9999.0,9999.0,9999.0,80+,Silver Ager,0.0,0,4,0,0
34062.0,EMsent,2024-03-10,0,4,0,0,0.0,9999.0,9999.0,9999.0,80+,Silver Ager,0.0,0,1,0,0
28232.0,EMsent,2024-02-11,0,3,0,0,0.0,9999.0,9999.0,9999.0,80+,Silver Ager,0.0,0,1,0,0
24494.0,EMsent,2024-01-14,0,2,0,0,0.0,9999.0,9999.0,9999.0,80+,Silver Ager,0.0,0,1,0,0
19748.0,EMsent,2023-12-10,0,1,0,0,0.0,9999.0,9999.0,9999.0,80+,Silver Ager,1.0,0,0,0,0
40456.0,EMsent,2024-04-14,0,5,0,0,0.0,9999.0,9999.0,9999.0,80+,Silver Ager,1.0,0,1,0,0
19096.0,EMsent,2023-12-01,0,1,0,0,0.0,9999.0,9999.0,9999.0,61-80,Silver Ager,0.0,0,0,0,0
19748.0,EMsent,2023-12-10,0,2,0,0,0.0,9999.0,9999.0,9999.0,61-80,Silver Ager,1.0,0,0,0,0
21450.0,EMsent,2023-12-15,0,3,0,0,0.0,9999.0,9999.0,9999.0,61-80,Silver Ager,1.0,0,1,0,0
35578.0,EMsent,2024-03-17,0,4,0,0,0.0,9999.0,9999.0,9999.0,61-80,Silver Ager,1.0,0,2,0,0
42715.0,EMsent,2024-04-26,0,5,0,0,0.0,9999.0,9999.0,9999.0,61-80,Silver Ager,3.0,0,3,0,0
49295.0,EMsent,2024-06-09,0,7,0,0,0.0,9999.0,9999.0,9999.0,80+,Silver Ager,1.0,0,5,1,0
65489.0,EMsent,2024-09-08,0,10,0,0,0.0,9999.0,9999.0,9999.0,80+,Silver Ager,1.0,0,7,1,0
60256.0,EMsent,2024-08-11,0,9,0,0,0.0,9999.0,9999.0,9999.0,80+,Silver Ager,0.0,0,7,1,0
55388.0,EMsent,2024-07-16,0,8,0,0,0.0,9999.0,9999.0,9999.0,80+,Silver Ager,1.0,0,6,1,0
44710.0,EMsent,2024-05-12,0,6,0,0,0.0,9999.0,9999.0,9999.0,80+,Silver Ager,0.0,0,5,1,0
19748.0,EMsent,2023-12-10,0,1,0,0,0.0,9999.0,9999.0,9999.0,80+,Silver Ager,1.0,0,0,0,0
34062.0,EMsent,2024-03-10,0,4,0,0,0.0,9999.0,9999.0,9999.0,80+,Silver Ager,1.0,0,3,0,0
28232.0,EMsent,2024-02-11,0,3,0,0,0.0,9999.0,9999.0,9999.0,80+,Silver Ager,1.0,0,2,0,0
24494.0,EMsent,2024-01-14,0,2,0,0,0.0,9999.0,9999.0,9999.0,80+,Silver Ager,1.0,0,1,0,0
40456.0,EMsent,2024-04-14,0,5,0,0,0.0,9999.0,9999.0,9999.0,80+,Silver Ager,3.0,0,4,0,0
19096.0,EMsent,2023-12-01,0,1,0,0,0.0,9999.0,9999.0,9999.0,61-80,Best Ager,1.0,0,0,0,0
19748.0,EMsent,2023-12-10,0,2,0,0,0.0,9999.0,9999.0,9999.0,61-80,Best Ager,1.0,0,1,0,0
21450.0,EMsent,2023-12-15,0,3,0,0,0.0,9999.0,9999.0,9999.0,61-80,Best Ager,0.0,0,2,0,0
24494.0,EMsent,2024-01-14,0,4,0,0,0.0,9999.0,9999.0,9999.0,61-80,Best Ager,0.0,0,2,0,0
49295.0,EMsent,2024-06-09,0,7,0,0,0.0,9999.0,9999.0,9999.0,80+,Silver Ager,0.0,0,2,0,0
65490.0,EMsent,2024-09-08,0,10,0,0,0.0,9999.0,9999.0,9999.0,80+,Silver Ager,0.0,0,2,0,0
60257.0,EMsent,2024-08-11,0,9,0,0,0.0,9999.0,9999.0,9999.0,80+,Silver Ager,0.0,0,2,0,0
55388.0,EMsent,2024-07-16,0,8,0,0,0.0,9999.0,9999.0,9999.0,80+,Silver Ager,0.0,0,2,0,0
44710.0,EMsent,2024-05-12,0,6,0,0,0.0,9999.0,9999.0,9999.0,80+,Silver Ager,0.0,0,2,0,0
28232.0,EMsent,2024-02-11,0,3,0,0,0.0,9999.0,9999.0,9999.0,80+,Silver Ager,1.0,0,1,0,0
34062.0,EMsent,2024-03-10,0,4,0,0,0.0,9999.0,9999.0,9999.0,80+,Silver Ager,0.0,0,2,0,0
40456.0,EMsent,2024-04-14,0,5,0,0,0.0,9999.0,9999.0,9999.0,80+,Silver Ager,0.0,0,2,0,0
24494.0,EMsent,2024-01-14,0,2,0,0,0.0,9999.0,9999.0,9999.0,80+,Silver Ager,0.0,0,1,0,0
19748.0,EMsent,2023-12-10,0,1,0,0,0.0,9999.0,9999.0,9999.0,80+,Silver Ager,1.0,0,0,0,0
60257.0,EMsent,2024-08-11,0,12,0,0,0.0,9999.0,9999.0,9999.0,80+,Silver Ager,0.0,1,0,0,0
55388.0,EMsent,2024-07-16,0,11,0,0,0.0,9999.0,9999.0,9999.0,80+,Silver Ager,10.0,0,0,0,0
49295.0,EMsent,2024-06-09,0,10,0,0,0.0,9999.0,9999.0,9999.0,80+,Silver Ager,0.0,0,0,0,0
44710.0,EMsent,2024-05-12,0,9,0,0,0.0,9999.0,9999.0,9999.0,80+,Silver Ager,0.0,0,0,0,0
42715.0,EMsent,2024-04-26,0,8,0,0,0.0,9999.0,9999.0,9999.0,80+,Silver Ager,0.0,0,0,0,0
40456.0,EMsent,2024-04-14,0,7,0,0,0.0,9999.0,9999.0,9999.0,80+,Silver Ager,0.0,0,0,0,0
28232.0,EMsent,2024-02-11,0,5,0,0,0.0,9999.0,9999.0,9999.0,80+,Silver Ager,0.0,0,0,0,0
65490.0,EMsent,2024-09-08,0,13,0,0,0.0,9999.0,9999.0,9999.0,80+,Silver Ager,0.0,1,0,0,0
24494.0,EMsent,2024-01-14,0,4,0,0,0.0,9999.0,9999.0,9999.0,80+,Silver Ager,0.0,0,0,0,0
21450.0,EMsent,2023-12-15,0,3,0,0,0.0,9999.0,9999.0,9999.0,80+,Silver Ager,0.0,0,0,0,0
19748.0,EMsent,2023-12-10,0,2,0,0,0.0,9999.0,9999.0,9999.0,80+,Silver Ager,0.0,0,0,0,0
19096.0,EMsent,2023-12-01,0,1,0,0,0.0,9999.0,9999.0,9999.0,80+,Silver Ager,0.0,0,0,0,0
34062.0,EMsent,2024-03-10,0,6,0,0,0.0,9999.0,9999.0,9999.0,80+,Silver Ager,0.0,0,0,0,0
,DM_Offersent,2024-06-10,2,0,0,0,9999.0,116.0,9999.0,9999.0,61-80,Best Ager,0.0,0,0,0,0
,DM_Offersent,2024-11-14,3,0,0,0,9999.0,157.0,9999.0,9999.0,61-80,Best Ager,0.0,0,0,0,0
,DM_Offersent,2024-02-15,1,0,0,0,9999.0,9999.0,9999.0,9999.0,61-80,Best Ager,0.0,0,0,0,0
,DM_Offersent,2024-03-15,1,0,0,0,9999.0,9999.0,9999.0,9999.0,61-80,Best Ager,0.0,0,0,0,0
42715.0,EMsent,2024-04-26,0,8,0,0,0.0,9999.0,9999.0,9999.0,61-80,Best Ager,1.0,0,7,0,0
19096.0,EMsent,2023-12-01,0,1,0,0,0.0,9999.0,9999.0,9999.0,61-80,Best Ager,1.0,0,0,0,0
21450.0,EMsent,2023-12-15,0,2,0,0,0.0,9999.0,9999.0,9999.0,61-80,Best Ager,1.0,0,1,0,0
24494.0,EMsent,2024-01-14,0,3,0,0,0.0,9999.0,9999.0,9999.0,61-80,Best Ager,1.0,0,2,0,0
28232.0,EMsent,2024-02-11,0,4,0,0,0.0,9999.0,9999.0,9999.0,61-80,Best Ager,1.0,0,3,0,0
34062.0,EMsent,2024-03-10,0,5,0,0,0.0,9999.0,9999.0,9999.0,61-80,Best Ager,1.0,0,4,0,0
35577.0,EMsent,2024-03-17,0,6,0,0,0.0,9999.0,9999.0,9999.0,61-80,Best Ager,1.0,0,5,0,0
40456.0,EMsent,2024-04-14,0,7,0,0,0.0,9999.0,9999.0,9999.0,61-80,Best Ager,1.0,0,6,0,0
44710.0,EMsent,2024-05-12,0,9,0,0,0.0,9999.0,9999.0,9999.0,61-80,Best Ager,1.0,0,8,0,0
49295.0,EMsent,2024-06-09,0,10,0,0,0.0,9999.0,9999.0,9999.0,61-80,Best Ager,1.0,0,9,0,0
55388.0,EMsent,2024-07-16,0,11,0,0,0.0,9999.0,9999.0,9999.0,61-80,Best Ager,1.0,0,10,0,0
60257.0,EMsent,2024-08-11,0,12,0,0,0.0,9999.0,9999.0,9999.0,61-80,Best Ager,1.0,0,11,0,0
65490.0,EMsent,2024-09-08,0,13,0,0,0.0,9999.0,9999.0,9999.0,61-80,Best Ager,0.0,0,12,0,0
55388.0,EMsent,2024-07-16,0,9,0,0,0.0,9999.0,9999.0,9999.0,61-80,Best Ager,0.0,0,0,0,0
49295.0,EMsent,2024-06-09,0,8,0,0,0.0,9999.0,9999.0,9999.0,61-80,Best Ager,0.0,0,0,0,0
60257.0,EMsent,2024-08-11,0,10,0,0,0.0,9999.0,9999.0,9999.0,61-80,Best Ager,0.0,0,0,0,0
65490.0,EMsent,2024-09-08,0,11,0,0,0.0,9999.0,9999.0,9999.0,61-80,Best Ager,0.0,0,0,0,0
44710.0,EMsent,2024-05-12,0,7,0,0,0.0,9999.0,9999.0,9999.0,61-80,Best Ager,0.0,0,0,0,0
24494.0,EMsent,2024-01-14,0,2,0,0,0.0,9999.0,9999.0,9999.0,61-80,Best Ager,0.0,0,0,0,0
35577.0,EMsent,2024-03-17,0,5,0,0,0.0,9999.0,9999.0,9999.0,61-80,Best Ager,0.0,0,0,0,0
34062.0,EMsent,2024-03-10,0,4,0,0,0.0,9999.0,9999.0,9999.0,61-80,Best Ager,0.0,0,0,0,0
28232.0,EMsent,2024-02-11,0,3,0,0,0.0,9999.0,9999.0,9999.0,61-80,Best Ager,0.0,0,0,0,0
19748.0,EMsent,2023-12-10,0,1,0,0,0.0,9999.0,9999.0,9999.0,61-80,Best Ager,0.0,0,0,0,0
40456.0,EMsent,2024-04-14,0,6,0,0,0.0,9999.0,9999.0,9999.0,61-80,Best Ager,0.0,0,0,0,0
19748.0,EMsent,2023-12-10,0,1,0,0,0.0,9999.0,9999.0,9999.0,80+,Silver Ager,0.0,0,0,0,0
65490.0,EMsent,2024-09-08,0,13,0,0,0.0,9999.0,9999.0,9999.0,80+,Silver Ager,0.0,0,0,0,0
60257.0,EMsent,2024-08-11,0,12,0,0,0.0,9999.0,9999.0,9999.0,80+,Silver Ager,0.0,0,0,0,0
55388.0,EMsent,2024-07-15,0,11,0,0,0.0,9999.0,9999.0,9999.0,80+,Silver Ager,0.0,0,0,0,0
44710.0,EMsent,2024-05-12,0,9,0,0,0.0,9999.0,9999.0,9999.0,80+,Silver Ager,0.0,0,0,0,0
42715.0,EMsent,2024-04-26,0,8,0,0,0.0,9999.0,9999.0,9999.0,80+,Silver Ager,0.0,0,0,0,0
40456.0,EMsent,2024-04-14,0,7,0,0,0.0,9999.0,9999.0,9999.0,80+,Silver Ager,0.0,0,0,0,0
49295.0,EMsent,2024-06-09,0,10,0,0,0.0,9999.0,9999.0,9999.0,80+,Silver Ager,0.0,0,0,0,0
28232.0,EMsent,2024-02-11,0,5,0,0,0.0,9999.0,9999.0,9999.0,80+,Silver Ager,0.0,0,0,0,0
24494.0,EMsent,2024-01-14,0,4,0,0,0.0,9999.0,9999.0,9999.0,80+,Silver Ager,0.0,0,0,0,0
21450.0,EMsent,2023-12-15,0,3,0,0,0.0,9999.0,9999.0,9999.0,80+,Silver Ager,0.0,0,0,0,0
19748.0,EMsent,2023-12-10,0,2,0,0,0.0,9999.0,9999.0,9999.0,80+,Silver Ager,0.0,0,0,0,0
19096.0,EMsent,2023-12-01,0,1,0,0,0.0,9999.0,9999.0,9999.0,80+,Silver Ager,0.0,0,0,0,0
34062.0,EMsent,2024-03-10,0,6,0,0,0.0,9999.0,9999.0,9999.0,80+,Silver Ager,0.0,0,0,0,0
,DM_Offersent,2024-03-14,2,0,0,0,9999.0,27.0,9999.0,9999.0,61-80,Best Ager,0.0,0,0,0,0
,DM_Offersent,2024-11-14,3,0,0,0,9999.0,245.0,9999.0,9999.0,61-80,Best Ager,0.0,0,0,0,0
,DM_Offersent,2024-02-16,1,0,0,0,9999.0,9999.0,9999.0,9999.0,61-80,Best Ager,0.0,0,0,0,0
41190.0,EMsent,2024-04-17,0,12,0,0,0.0,9999.0,9999.0,9999.0,80+,Silver Ager,1.0,0,3,1,0
65489.0,EMsent,2024-09-08,0,19,0,0,0.0,9999.0,9999.0,9999.0,80+,Silver Ager,1.0,0,4,1,0
62591.0,EMsent,2024-08-23,0,18,0,0,0.0,9999.0,9999.0,9999.0,80+,Silver Ager,0.0,0,4,1,0
60256.0,EMsent,2024-08-11,0,17,0,0,0.0,9999.0,9999.0,9999.0,80+,Silver Ager,0.0,0,4,1,0
55388.0,EMsent,2024-07-16,0,16,0,0,0.0,9999.0,9999.0,9999.0,80+,Silver Ager,0.0,0,4,1,0
49295.0,EMsent,2024-06-09,0,15,0,0,0.0,9999.0,9999.0,9999.0,80+,Silver Ager,0.0,0,4,1,0
44710.0,EMsent,2024-05-12,0,14,0,0,0.0,9999.0,9999.0,9999.0,80+,Silver Ager,0.0,0,4,1,0
42715.0,EMsent,2024-04-26,0,13,0,0,0.0,9999.0,9999.0,9999.0,80+,Silver Ager,0.0,0,4,1,0
40456.0,EMsent,2024-04-14,0,11,0,0,0.0,9999.0,9999.0,9999.0,80+,Silver Ager,0.0,0,3,1,0
28232.0,EMsent,2024-02-11,0,7,0,0,0.0,9999.0,9999.0,9999.0,80+,Silver Ager,0.0,0,3,1,0
34062.0,EMsent,2024-03-10,0,9,0,0,0.0,9999.0,9999.0,9999.0,80+,Silver Ager,0.0,0,3,1,0
33531.0,EMsent,2024-03-04,0,8,0,0,0.0,9999.0,9999.0,9999.0,80+,Silver Ager,0.0,0,3,1,0
35578.0,EMsent,2024-03-17,0,10,0,0,0.0,9999.0,9999.0,9999.0,80+,Silver Ager,0.0,0,3,1,0
27891.0,EMsent,2024-02-07,0,6,0,0,0.0,9999.0,9999.0,9999.0,80+,Silver Ager,1.0,0,2,1,0
27384.0,EMsent,2024-02-02,0,5,0,0,0.0,9999.0,9999.0,9999.0,80+,Silver Ager,0.0,0,2,1,0
24494.0,EMsent,2024-01-14,0,4,0,0,0.0,9999.0,9999.0,9999.0,80+,Silver Ager,1.0,0,1,1,0
21450.0,EMsent,2023-12-15,0,3,0,0,0.0,9999.0,9999.0,9999.0,80+,Silver Ager,3.0,0,0,0,0
19748.0,EMsent,2023-12-10,0,2,0,0,0.0,9999.0,9999.0,9999.0,80+,Silver Ager,0.0,0,0,0,0
19096.0,EMsent,2023-12-01,0,1,0,0,0.0,9999.0,9999.0,9999.0,80+,Silver Ager,0.0,0,0,0,0
,DM_Offersent,2024-02-16,1,0,0,0,9999.0,9999.0,9999.0,9999.0,61-80,Best Ager,0.0,0,0,0,0
,DM_Offersent,2024-03-14,2,0,0,0,9999.0,27.0,9999.0,9999.0,61-80,Best Ager,0.0,0,0,0,0
,DM_Offersent,2024-09-16,3,0,0,0,9999.0,186.0,9999.0,9999.0,61-80,Best Ager,0.0,0,0,0,0
,DM_Offersent,2024-11-14,4,0,0,0,9999.0,59.0,9999.0,9999.0,61-80,Best Ager,0.0,0,0,0,0
,DM_Offersent,2024-04-15,1,0,0,0,9999.0,9999.0,9999.0,9999.0,61-80,Best Ager,0.0,0,0,0,0
,DM_Offersent,2024-02-15,1,0,0,0,9999.0,9999.0,9999.0,9999.0,61-80,Best Ager,0.0,0,0,0,0
,DM_Offersent,2024-06-10,2,0,0,0,9999.0,116.0,9999.0,9999.0,61-80,Best Ager,0.0,0,0,0,0
,DM_Offersent,2024-11-14,3,0,0,0,9999.0,157.0,9999.0,9999.0,61-80,Best Ager,0.0,0,0,0,0
19748.0,EMsent,2023-12-10,0,1,0,0,0.0,9999.0,9999.0,9999.0,80+,Silver Ager,0.0,0,0,0,0
24494.0,EMsent,2024-01-14,0,2,0,0,0.0,9999.0,9999.0,9999.0,80+,Silver Ager,1.0,0,0,0,0
28232.0,EMsent,2024-02-11,0,3,0,0,0.0,9999.0,9999.0,9999.0,80+,Silver Ager,3.0,0,1,0,0
,DM_Offersent,2024-04-15,1,0,0,0,9999.0,9999.0,9999.0,9999.0,61-80,Best Ager,0.0,0,0,0,0
65489.0,EMsent,2024-09-08,0,14,0,0,0.0,9999.0,9999.0,9999.0,61-80,Silver Ager,1.0,0,11,0,0
60256.0,EMsent,2024-08-11,0,13,0,0,0.0,9999.0,9999.0,9999.0,61-80,Silver Ager,1.0,0,10,0,0
55388.0,EMsent,2024-07-16,0,12,0,0,0.0,9999.0,9999.0,9999.0,61-80,Silver Ager,1.0,0,9,0,0
49295.0,EMsent,2024-06-09,0,11,0,0,0.0,9999.0,9999.0,9999.0,61-80,Silver Ager,1.0,0,8,0,0
44710.0,EMsent,2024-05-12,0,10,0,0,0.0,9999.0,9999.0,9999.0,61-80,Silver Ager,1.0,0,7,0,0
42715.0,EMsent,2024-04-26,0,9,0,0,0.0,9999.0,9999.0,9999.0,61-80,Silver Ager,1.0,0,6,0,0
40456.0,EMsent,2024-04-14,0,8,0,0,0.0,9999.0,9999.0,9999.0,61-80,Silver Ager,1.0,0,5,0,0
19096.0,EMsent,2023-12-01,0,1,0,0,0.0,9999.0,9999.0,9999.0,61-80,Silver Ager,1.0,0,0,0,0
34062.0,EMsent,2024-03-10,0,6,0,0,0.0,9999.0,9999.0,9999.0,61-80,Silver Ager,0.0,0,4,0,0
28232.0,EMsent,2024-02-11,0,5,0,0,0.0,9999.0,9999.0,9999.0,61-80,Silver Ager,1.0,0,3,0,0
24494.0,EMsent,2024-01-14,0,4,0,0,0.0,9999.0,9999.0,9999.0,61-80,Silver Ager,0.0,0,3,0,0
21450.0,EMsent,2023-12-15,0,3,0,0,0.0,9999.0,9999.0,9999.0,61-80,Silver Ager,1.0,0,2,0,0
19748.0,EMsent,2023-12-10,0,2,0,0,0.0,9999.0,9999.0,9999.0,61-80,Silver Ager,1.0,0,1,0,0
35578.0,EMsent,2024-03-17,0,7,0,0,0.0,9999.0,9999.0,9999.0,61-80,Silver Ager,1.0,0,4,0,0
,DM_Offersent,2024-06-10,1,0,0,0,9999.0,9999.0,9999.0,9999.0,61-80,Best Ager,0.0,0,0,0,0
42715.0,EMsent,2024-04-26,0,10,0,0,0.0,9999.0,9999.0,9999.0,80+,Silver Ager,0.0,0,0,0,0
65321.0,EMsent,2024-09-06,0,16,0,0,0.0,9999.0,9999.0,9999.0,80+,Silver Ager,2.0,0,0,0,0
62591.0,EMsent,2024-08-23,0,15,0,0,0.0,9999.0,9999.0,9999.0,80+,Silver Ager,0.0,0,0,0,0
60246.0,EMsent,2024-08-10,0,14,0,0,0.0,9999.0,9999.0,9999.0,80+,Silver Ager,0.0,0,0,0,0
55388.0,EMsent,2024-07-15,0,13,0,0,0.0,9999.0,9999.0,9999.0,80+,Silver Ager,0.0,0,0,0,0
49295.0,EMsent,2024-06-09,0,12,0,0,0.0,9999.0,9999.0,9999.0,80+,Silver Ager,0.0,0,0,0,0
44710.0,EMsent,2024-05-12,0,11,0,0,0.0,9999.0,9999.0,9999.0,80+,Silver Ager,0.0,0,0,0,0
41190.0,EMsent,2024-04-17,0,9,0,0,0.0,9999.0,9999.0,9999.0,80+,Silver Ager,0.0,0,0,0,0
21450.0,EMsent,2023-12-15,0,3,0,0,0.0,9999.0,9999.0,9999.0,80+,Silver Ager,0.0,0,0,0,0
33531.0,EMsent,2024-03-04,0,7,0,0,0.0,9999.0,9999.0,9999.0,80+,Silver Ager,0.0,0,0,0,0
27891.0,EMsent,2024-02-07,0,6,0,0,0.0,9999.0,9999.0,9999.0,80+,Silver Ager,0.0,0,0,0,0
27384.0,EMsent,2024-02-02,0,5,0,0,0.0,9999.0,9999.0,9999.0,80+,Silver Ager,0.0,0,0,0,0
24494.0,EMsent,2024-01-14,0,4,0,0,0.0,9999.0,9999.0,9999.0,80+,Silver Ager,0.0,0,0,0,0
40456.0,EMsent,2024-04-14,0,8,0,0,0.0,9999.0,9999.0,9999.0,80+,Silver Ager,0.0,0,0,0,0
19748.0,EMsent,2023-12-10,0,2,0,0,0.0,9999.0,9999.0,9999.0,80+,Silver Ager,0.0,0,0,0,0
19096.0,EMsent,2023-12-01,0,1,0,0,0.0,9999.0,9999.0,9999.0,80+,Silver Ager,0.0,0,0,0,0
60256.0,EMsent,2024-08-11,0,9,0,0,0.0,9999.0,9999.0,9999.0,80+,Silver Ager,0.0,0,0,0,0
55388.0,EMsent,2024-07-16,0,8,0,0,0.0,9999.0,9999.0,9999.0,80+,Silver Ager,0.0,0,0,0,0
49295.0,EMsent,2024-06-09,0,7,0,0,0.0,9999.0,9999.0,9999.0,80+,Silver Ager,0.0,0,0,0,0
44710.0,EMsent,2024-05-12,0,6,0,0,0.0,9999.0,9999.0,9999.0,80+,Silver Ager,0.0,0,0,0,0
65489.0,EMsent,2024-09-08,0,10,0,0,0.0,9999.0,9999.0,9999.0,80+,Silver Ager,0.0,0,0,0,0
34062.0,EMsent,2024-03-10,0,4,0,0,0.0,9999.0,9999.0,9999.0,80+,Silver Ager,0.0,0,0,0,0
28232.0,EMsent,2024-02-11,0,3,0,0,0.0,9999.0,9999.0,9999.0,80+,Silver Ager,0.0,0,0,0,0
24494.0,EMsent,2024-01-14,0,2,0,0,0.0,9999.0,9999.0,9999.0,80+,Silver Ager,0.0,0,0,0,0
19748.0,EMsent,2023-12-10,0,1,0,0,0.0,9999.0,9999.0,9999.0,80+,Silver Ager,0.0,0,0,0,0
40456.0,EMsent,2024-04-14,0,5,0,0,0.0,9999.0,9999.0,9999.0,80+,Silver Ager,0.0,0,0,0,0
44394.0,EMsent,2024-05-08,1,18,0,0,0.0,83.0,9999.0,9999.0,41-60,Best Ager,1.0,0,1,1,0
44710.0,EMsent,2024-05-12,1,19,0,0,0.0,87.0,9999.0,9999.0,41-60,Best Ager,0.0,0,2,1,0
44995.0,EMsent,2024-05-14,1,20,0,0,0.0,89.0,9999.0,9999.0,41-60,Best Ager,0.0,0,2,1,0
,DM_Offersent,2024-05-30,2,20,0,0,16.0,105.0,9999.0,9999.0,41-60,Best Ager,0.0,0,2,1,0
,DM_Offersent,2024-09-16,3,29,0,0,1.0,109.0,9999.0,9999.0,41-60,Best Ager,0.0,0,2,1,0
49295.0,EMsent,2024-06-09,2,21,0,0,0.0,10.0,9999.0,9999.0,41-60,Best Ager,0.0,0,2,1,0
51099.0,EMsent,2024-06-20,2,22,0,0,0.0,21.0,9999.0,9999.0,41-60,Best Ager,0.0,0,2,1,0
56805.0,EMsent,2024-07-25,2,24,0,0,0.0,56.0,9999.0,9999.0,41-60,Best Ager,0.0,0,2,1,0
60256.0,EMsent,2024-08-11,2,25,0,0,0.0,73.0,9999.0,9999.0,41-60,Best Ager,0.0,0,2,1,0
61960.0,EMsent,2024-08-21,2,26,0,0,0.0,83.0,9999.0,9999.0,41-60,Best Ager,0.0,0,2,1,0
64536.0,EMsent,2024-09-04,2,27,0,0,0.0,97.0,9999.0,9999.0,41-60,Best Ager,0.0,0,2,1,0
65489.0,EMsent,2024-09-08,2,28,0,0,0.0,101.0,9999.0,9999.0,41-60,Best Ager,0.0,0,2,1,0
66948.0,EMsent,2024-09-15,2,29,0,0,0.0,108.0,9999.0,9999.0,41-60,Best Ager,0.0,0,2,1,0
43658.0,EMsent,2024-05-02,1,17,0,0,0.0,77.0,9999.0,9999.0,41-60,Best Ager,0.0,0,1,1,0
55388.0,EMsent,2024-07-15,2,23,0,0,0.0,46.0,9999.0,9999.0,41-60,Best Ager,0.0,0,2,1,0
42301.0,EMsent,2024-04-25,1,16,0,0,0.0,70.0,9999.0,9999.0,41-60,Best Ager,0.0,0,1,1,0
34062.0,EMsent,2024-03-10,1,9,0,0,0.0,24.0,9999.0,9999.0,41-60,Best Ager,3.0,0,0,0,0
39070.0,EMsent,2024-04-03,1,14,0,0,0.0,48.0,9999.0,9999.0,41-60,Best Ager,0.0,0,1,1,0
40456.0,EMsent,2024-04-14,1,15,0,0,0.0,59.0,9999.0,9999.0,41-60,Best Ager,0.0,0,1,1,0
19748.0,EMsent,2023-12-10,0,1,0,0,0.0,9999.0,9999.0,9999.0,41-60,Best Ager,0.0,0,0,0,0
24494.0,EMsent,2024-01-14,0,2,0,0,0.0,9999.0,9999.0,9999.0,41-60,Best Ager,0.0,0,0,0,0
26376.0,EMsent,2024-01-28,0,4,0,0,0.0,9999.0,9999.0,9999.0,41-60,Best Ager,0.0,0,0,0,0
27986.0,EMsent,2024-02-08,0,5,0,0,0.0,9999.0,9999.0,9999.0,41-60,Best Ager,0.0,0,0,0,0
28232.0,EMsent,2024-02-11,0,6,0,0,0.0,9999.0,9999.0,9999.0,41-60,Best Ager,0.0,0,0,0,0
26296.0,EMsent,2024-01-26,0,3,0,0,0.0,9999.0,9999.0,9999.0,41-60,Best Ager,0.0,0,0,0,0
29158.0,EMsent,2024-02-15,1,7,0,0,0.0,0.0,9999.0,9999.0,41-60,Best Ager,0.0,0,0,0,0
29430.0,EMsent,2024-02-17,1,8,0,0,0.0,2.0,9999.0,9999.0,41-60,Best Ager,0.0,0,0,0,0
35578.0,EMsent,2024-03-17,1,10,0,0,0.0,31.0,9999.0,9999.0,41-60,Best Ager,0.0,0,1,1,0
36466.0,EMsent,2024-03-21,1,11,0,0,0.0,35.0,9999.0,9999.0,41-60,Best Ager,0.0,0,1,1,0
39051.0,EMsent,2024-04-02,1,12,0,0,0.0,47.0,9999.0,9999.0,41-60,Best Ager,0.0,0,1,1,0
38960.0,EMsent,2024-04-02,1,13,0,0,0.0,47.0,9999.0,9999.0,41-60,Best Ager,0.0,0,1,1,0
,DM_Offersent,2024-02-15,1,6,0,0,4.0,9999.0,9999.0,9999.0,41-60,Best Ager,0.0,0,0,0,0
,DM_Offersent,2024-02-15,1,0,0,0,9999.0,9999.0,9999.0,9999.0,61-80,Family,0.0,0,0,0,0
,DM_Offersent,2024-06-13,2,0,0,0,9999.0,119.0,9999.0,9999.0,61-80,Family,0.0,1,0,0,0
,DM_Offersent,2024-09-10,3,0,0,0,9999.0,89.0,9999.0,9999.0,61-80,Family,0.0,1,0,0,0
,DM_Offersent,2024-10-24,4,0,0,0,9999.0,44.0,9999.0,9999.0,61-80,Family,0.0,1,0,0,0
49295.0,EMsent,2024-06-09,0,7,0,0,0.0,9999.0,9999.0,9999.0,80+,Silver Ager,1.0,0,6,1,0
60257.0,EMsent,2024-08-11,0,9,0,0,0.0,9999.0,9999.0,9999.0,80+,Silver Ager,1.0,0,8,1,0
55388.0,EMsent,2024-07-16,0,8,0,0,0.0,9999.0,9999.0,9999.0,80+,Silver Ager,1.0,0,7,1,0
44710.0,EMsent,2024-05-12,0,6,0,0,0.0,9999.0,9999.0,9999.0,80+,Silver Ager,1.0,0,5,1,0
19748.0,EMsent,2023-12-10,0,1,0,0,0.0,9999.0,9999.0,9999.0,80+,Silver Ager,3.0,0,0,0,0
34062.0,EMsent,2024-03-10,0,4,0,0,0.0,9999.0,9999.0,9999.0,80+,Silver Ager,1.0,0,3,1,0
28232.0,EMsent,2024-02-11,0,3,0,0,0.0,9999.0,9999.0,9999.0,80+,Silver Ager,1.0,0,2,1,0
24494.0,EMsent,2024-01-14,0,2,0,0,0.0,9999.0,9999.0,9999.0,80+,Silver Ager,1.0,0,1,1,0
40456.0,EMsent,2024-04-14,0,5,0,0,0.0,9999.0,9999.0,9999.0,80+,Silver Ager,1.0,0,4,1,0
,DM_Offersent,2024-04-15,2,11,0,0,1.0,32.0,9999.0,9999.0,80+,Silver Ager,0.0,0,7,0,0
62591.0,EMsent,2024-08-23,3,18,0,0,0.0,88.0,9999.0,9999.0,80+,Silver Ager,1.0,0,13,0,0
60256.0,EMsent,2024-08-11,3,17,0,0,0.0,76.0,9999.0,9999.0,80+,Silver Ager,1.0,0,12,0,0
55388.0,EMsent,2024-07-16,3,16,0,0,0.0,50.0,9999.0,9999.0,80+,Silver Ager,1.0,0,11,0,0
65489.0,EMsent,2024-09-08,3,19,0,0,0.0,104.0,9999.0,9999.0,80+,Silver Ager,1.0,0,14,0,0
49295.0,EMsent,2024-06-09,3,15,0,0,0.0,13.0,9999.0,9999.0,80+,Silver Ager,1.0,0,10,0,0
,DM_Informationsent,2024-05-27,3,14,0,0,15.0,42.0,9999.0,9999.0,80+,Silver Ager,0.0,0,10,0,0
44710.0,EMsent,2024-05-12,2,14,0,0,0.0,27.0,9999.0,9999.0,80+,Silver Ager,1.0,0,9,0,0
42715.0,EMsent,2024-04-26,2,13,0,0,0.0,11.0,9999.0,9999.0,80+,Silver Ager,1.0,0,8,0,0
41190.0,EMsent,2024-04-17,2,12,0,0,0.0,2.0,9999.0,9999.0,80+,Silver Ager,1.0,0,7,0,0
40456.0,EMsent,2024-04-14,1,11,0,0,0.0,31.0,9999.0,9999.0,80+,Silver Ager,1.0,0,6,0,0
24494.0,EMsent,2024-01-14,0,4,0,0,0.0,9999.0,9999.0,9999.0,80+,Silver Ager,0.0,0,2,0,0
,DM_Offersent,2024-03-14,1,9,0,0,4.0,9999.0,9999.0,9999.0,80+,Silver Ager,0.0,0,6,0,0
34062.0,EMsent,2024-03-10,0,9,0,0,0.0,9999.0,9999.0,9999.0,80+,Silver Ager,0.0,0,6,0,0
33531.0,EMsent,2024-03-04,0,8,0,0,0.0,9999.0,9999.0,9999.0,80+,Silver Ager,1.0,0,5,0,0
28232.0,EMsent,2024-02-11,0,7,0,0,0.0,9999.0,9999.0,9999.0,80+,Silver Ager,1.0,0,4,0,0
27891.0,EMsent,2024-02-07,0,6,0,0,0.0,9999.0,9999.0,9999.0,80+,Silver Ager,1.0,0,3,0,0
27384.0,EMsent,2024-02-02,0,5,0,0,0.0,9999.0,9999.0,9999.0,80+,Silver Ager,1.0,0,2,0,0
21450.0,EMsent,2023-12-15,0,3,0,0,0.0,9999.0,9999.0,9999.0,80+,Silver Ager,1.0,0,1,0,0
19748.0,EMsent,2023-12-10,0,2,0,0,0.0,9999.0,9999.0,9999.0,80+,Silver Ager,0.0,0,1,0,0
19096.0,EMsent,2023-12-01,0,1,0,0,0.0,9999.0,9999.0,9999.0,80+,Silver Ager,1.0,0,0,0,0
35578.0,EMsent,2024-03-17,1,10,0,0,0.0,3.0,9999.0,9999.0,80+,Silver Ager,0.0,0,6,0,0
34062.0,EMsent,2024-03-10,0,4,0,0,0.0,9999.0,9999.0,9999.0,80+,Silver Ager,-2.0,0,1,0,0
28232.0,EMsent,2024-02-11,0,3,0,0,0.0,9999.0,9999.0,9999.0,80+,Silver Ager,1.0,0,0,0,0
24494.0,EMsent,2024-01-14,0,2,0,0,0.0,9999.0,9999.0,9999.0,80+,Silver Ager,0.0,0,0,0,0
19748.0,EMsent,2023-12-10,0,1,0,0,0.0,9999.0,9999.0,9999.0,80+,Silver Ager,0.0,0,0,0,0
41190.0,EMsent,2024-04-17,2,10,0,0,0.0,2.0,9999.0,9999.0,61-80,Best Ager,1.0,0,3,2,0
65491.0,EMsent,2024-09-08,2,17,0,0,0.0,146.0,9999.0,9999.0,61-80,Best Ager,1.0,0,8,5,0
62591.0,EMsent,2024-08-23,2,16,0,0,0.0,130.0,9999.0,9999.0,61-80,Best Ager,1.0,0,7,5,0
60258.0,EMsent,2024-08-11,2,15,0,0,0.0,118.0,9999.0,9999.0,61-80,Best Ager,5.0,0,6,3,0
55388.0,EMsent,2024-07-16,2,14,0,0,0.0,92.0,9999.0,9999.0,61-80,Best Ager,0.0,0,6,3,0
49295.0,EMsent,2024-06-09,2,13,0,0,0.0,55.0,9999.0,9999.0,61-80,Best Ager,1.0,0,5,3,0
44710.0,EMsent,2024-05-12,2,12,0,0,0.0,27.0,9999.0,9999.0,61-80,Best Ager,3.0,0,4,2,0
42756.0,EMsent,2024-04-28,2,11,0,0,0.0,13.0,9999.0,9999.0,61-80,Best Ager,0.0,0,4,2,0
,DM_Offersent,2024-11-14,3,17,0,0,67.0,213.0,9999.0,9999.0,61-80,Best Ager,0.0,0,9,5,0
,DM_Offersent,2024-04-15,2,9,0,0,1.0,32.0,9999.0,9999.0,61-80,Best Ager,0.0,0,2,0,0
34062.0,EMsent,2024-03-10,0,8,0,0,0.0,9999.0,9999.0,9999.0,61-80,Best Ager,1.0,0,1,0,0
,DM_Offersent,2024-03-14,1,8,0,0,4.0,9999.0,9999.0,9999.0,61-80,Best Ager,0.0,0,2,0,0
33531.0,EMsent,2024-03-04,0,7,0,0,0.0,9999.0,9999.0,9999.0,61-80,Best Ager,0.0,0,1,0,0
29430.0,EMsent,2024-02-17,0,6,0,0,0.0,9999.0,9999.0,9999.0,61-80,Best Ager,1.0,0,0,0,0
28232.0,EMsent,2024-02-11,0,5,0,0,0.0,9999.0,9999.0,9999.0,61-80,Best Ager,0.0,0,0,0,0
27891.0,EMsent,2024-02-07,0,4,0,0,0.0,9999.0,9999.0,9999.0,61-80,Best Ager,0.0,0,0,0,0
27384.0,EMsent,2024-02-02,0,3,0,0,0.0,9999.0,9999.0,9999.0,61-80,Best Ager,0.0,0,0,0,0
24494.0,EMsent,2024-01-14,0,2,0,0,0.0,9999.0,9999.0,9999.0,61-80,Best Ager,0.0,0,0,0,0
19748.0,EMsent,2023-12-10,0,1,0,0,0.0,9999.0,9999.0,9999.0,61-80,Best Ager,0.0,0,0,0,0
40456.0,EMsent,2024-04-14,1,9,0,0,0.0,31.0,9999.0,9999.0,61-80,Best Ager,5.0,0,2,0,0
40456.0,EMsent,2024-04-14,0,13,0,0,0.0,9999.0,9999.0,9999.0,61-80,Best Ager,0.0,0,1,0,0
42715.0,EMsent,2024-04-26,0,14,0,0,0.0,9999.0,9999.0,9999.0,61-80,Best Ager,0.0,0,1,0,0
42756.0,EMsent,2024-04-28,0,15,0,0,0.0,9999.0,9999.0,9999.0,61-80,Best Ager,0.0,0,1,0,0
44710.0,EMsent,2024-05-12,0,16,0,0,0.0,9999.0,9999.0,9999.0,61-80,Best Ager,0.0,0,1,0,0
65489.0,EMsent,2024-09-08,1,20,0,0,0.0,87.0,9999.0,9999.0,61-80,Best Ager,0.0,1,1,0,0
,DM_Offersent,2024-06-13,1,17,0,0,4.0,9999.0,9999.0,9999.0,61-80,Best Ager,0.0,0,1,0,0
55388.0,EMsent,2024-07-16,1,18,0,0,0.0,33.0,9999.0,9999.0,61-80,Best Ager,0.0,1,1,0,0
35578.0,EMsent,2024-03-17,0,12,0,0,0.0,9999.0,9999.0,9999.0,61-80,Best Ager,0.0,0,1,0,0
49295.0,EMsent,2024-06-09,0,17,0,0,0.0,9999.0,9999.0,9999.0,61-80,Best Ager,0.0,0,1,0,0
34062.0,EMsent,2024-03-10,0,11,0,0,0.0,9999.0,9999.0,9999.0,61-80,Best Ager,0.0,0,1,0,0
60256.0,EMsent,2024-08-11,1,19,0,0,0.0,59.0,9999.0,9999.0,61-80,Best Ager,0.0,1,1,0,0
30085.0,EMsent,2024-02-22,0,9,0,0,0.0,9999.0,9999.0,9999.0,61-80,Best Ager,0.0,0,0,0,0
33368.0,EMsent,2024-03-03,0,10,0,0,0.0,9999.0,9999.0,9999.0,61-80,Best Ager,1.0,0,0,0,0
19300.0,EMsent,2023-12-05,0,2,0,0,0.0,9999.0,9999.0,9999.0,61-80,Best Ager,0.0,0,0,0,0
19748.0,EMsent,2023-12-10,0,3,0,0,0.0,9999.0,9999.0,9999.0,61-80,Best Ager,0.0,0,0,0,0
21450.0,EMsent,2023-12-15,0,4,0,0,0.0,9999.0,9999.0,9999.0,61-80,Best Ager,0.0,0,0,0,0
19096.0,EMsent,2023-12-01,0,1,0,0,0.0,9999.0,9999.0,9999.0,61-80,Best Ager,0.0,0,0,0,0
24539.0,EMsent,2024-01-14,0,6,0,0,0.0,9999.0,9999.0,9999.0,61-80,Best Ager,0.0,0,0,0,0
28232.0,EMsent,2024-02-11,0,7,0,0,0.0,9999.0,9999.0,9999.0,61-80,Best Ager,0.0,0,0,0,0
29430.0,EMsent,2024-02-17,0,8,0,0,0.0,9999.0,9999.0,9999.0,61-80,Best Ager,0.0,0,0,0,0
24494.0,EMsent,2024-01-14,0,5,0,0,0.0,9999.0,9999.0,9999.0,61-80,Best Ager,0.0,0,0,0,0
,DM_Offersent,2024-02-15,1,0,0,0,9999.0,9999.0,9999.0,9999.0,61-80,Best Ager,0.0,0,0,0,0
,DM_Offersent,2024-06-10,2,0,0,0,9999.0,116.0,9999.0,9999.0,61-80,Best Ager,0.0,0,0,0,0
,DM_Offersent,2024-06-13,1,0,0,0,9999.0,9999.0,9999.0,9999.0,41-60,Best Ager,0.0,0,0,0,0
,DM_Offersent,2024-09-10,2,0,0,0,9999.0,89.0,9999.0,9999.0,41-60,Best Ager,0.0,0,0,0,0
,DM_Offersent,2024-10-24,3,0,0,0,9999.0,44.0,9999.0,9999.0,41-60,Best Ager,0.0,0,0,0,0
65491.0,EMsent,2024-09-08,0,10,0,0,0.0,9999.0,9999.0,9999.0,61-80,Silver Ager,1.0,0,9,3,0
60258.0,EMsent,2024-08-11,0,9,0,0,0.0,9999.0,9999.0,9999.0,61-80,Silver Ager,1.0,0,8,3,0
55388.0,EMsent,2024-07-16,0,8,0,0,0.0,9999.0,9999.0,9999.0,61-80,Silver Ager,5.0,0,7,1,0
49295.0,EMsent,2024-06-09,0,7,0,0,0.0,9999.0,9999.0,9999.0,61-80,Silver Ager,1.0,0,6,1,0
44710.0,EMsent,2024-05-12,0,6,0,0,0.0,9999.0,9999.0,9999.0,61-80,Silver Ager,1.0,0,5,1,0
34062.0,EMsent,2024-03-10,0,4,0,0,0.0,9999.0,9999.0,9999.0,61-80,Silver Ager,1.0,0,3,0,0
28232.0,EMsent,2024-02-11,0,3,0,0,0.0,9999.0,9999.0,9999.0,61-80,Silver Ager,1.0,0,2,0,0
24494.0,EMsent,2024-01-14,0,2,0,0,0.0,9999.0,9999.0,9999.0,61-80,Silver Ager,1.0,0,1,0,0
19748.0,EMsent,2023-12-10,0,1,0,0,0.0,9999.0,9999.0,9999.0,61-80,Silver Ager,1.0,0,0,0,0
40456.0,EMsent,2024-04-14,0,5,0,0,0.0,9999.0,9999.0,9999.0,61-80,Silver Ager,3.0,0,4,0,0
44710.0,EMsent,2024-05-12,1,13,0,0,0.0,58.0,9999.0,9999.0,41-60,Family,1.0,0,8,0,0
,DM_Offersent,2024-11-14,3,22,0,0,60.0,59.0,9999.0,9999.0,41-60,Family,0.0,0,17,0,0
66948.0,EMsent,2024-09-15,1,22,0,0,0.0,184.0,9999.0,9999.0,41-60,Family,1.0,0,16,0,0
65489.0,EMsent,2024-09-08,1,21,0,0,0.0,177.0,9999.0,9999.0,41-60,Family,1.0,0,15,0,0
64536.0,EMsent,2024-09-04,1,20,0,0,0.0,173.0,9999.0,9999.0,41-60,Family,1.0,0,14,0,0
61960.0,EMsent,2024-08-21,1,19,0,0,0.0,159.0,9999.0,9999.0,41-60,Family,1.0,0,13,0,0
60256.0,EMsent,2024-08-11,1,18,0,0,0.0,149.0,9999.0,9999.0,41-60,Family,1.0,0,12,0,0
55388.0,EMsent,2024-07-16,1,17,0,0,0.0,123.0,9999.0,9999.0,41-60,Family,0.0,0,12,0,0
49295.0,EMsent,2024-06-09,1,16,0,0,0.0,86.0,9999.0,9999.0,41-60,Family,1.0,0,11,0,0
48826.0,EMsent,2024-06-04,1,15,0,0,0.0,81.0,9999.0,9999.0,41-60,Family,1.0,0,10,0,0
46441.0,EMsent,2024-05-22,1,14,0,0,0.0,68.0,9999.0,9999.0,41-60,Family,1.0,0,9,0,0
42756.0,EMsent,2024-04-28,1,12,0,0,0.0,44.0,9999.0,9999.0,41-60,Family,1.0,0,7,0,0
,DM_Offersent,2024-09-16,2,22,0,0,1.0,185.0,9999.0,9999.0,41-60,Family,0.0,0,17,0,0
40456.0,EMsent,2024-04-14,1,10,0,0,0.0,30.0,9999.0,9999.0,41-60,Family,1.0,0,5,0,0
19748.0,EMsent,2023-12-10,0,1,0,0,0.0,9999.0,9999.0,9999.0,41-60,Family,1.0,0,0,0,0
42301.0,EMsent,2024-04-25,1,11,0,0,0.0,41.0,9999.0,9999.0,41-60,Family,1.0,0,6,0,0
28232.0,EMsent,2024-02-11,0,3,0,0,0.0,9999.0,9999.0,9999.0,41-60,Family,0.0,0,1,0,0
29430.0,EMsent,2024-02-17,0,4,0,0,0.0,9999.0,9999.0,9999.0,41-60,Family,0.0,0,1,0,0
30085.0,EMsent,2024-02-22,0,5,0,0,0.0,9999.0,9999.0,9999.0,41-60,Family,0.0,0,1,0,0
24494.0,EMsent,2024-01-14,0,2,0,0,0.0,9999.0,9999.0,9999.0,41-60,Family,0.0,0,1,0,0
34062.0,EMsent,2024-03-10,0,7,0,0,0.0,9999.0,9999.0,9999.0,41-60,Family,1.0,0,2,0,0
,DM_Offersent,2024-03-15,1,7,0,0,5.0,9999.0,9999.0,9999.0,41-60,Family,0.0,0,3,0,0
35578.0,EMsent,2024-03-17,1,8,0,0,0.0,2.0,9999.0,9999.0,41-60,Family,1.0,0,3,0,0
39070.0,EMsent,2024-04-03,1,9,0,0,0.0,19.0,9999.0,9999.0,41-60,Family,1.0,0,4,0,0
33368.0,EMsent,2024-03-03,0,6,0,0,0.0,9999.0,9999.0,9999.0,41-60,Family,1.0,0,1,0,0
,DM_Offersent,2024-11-15,1,0,0,0,9999.0,9999.0,9999.0,9999.0,61-80,Best Ager,0.0,0,0,0,0
42715.0,EMsent,2024-04-26,0,9,0,0,0.0,9999.0,9999.0,9999.0,61-80,Silver Ager,3.0,0,8,1,0
65489.0,EMsent,2024-09-08,0,14,0,0,0.0,9999.0,9999.0,9999.0,61-80,Silver Ager,1.0,0,13,3,0
60256.0,EMsent,2024-08-11,0,13,0,0,0.0,9999.0,9999.0,9999.0,61-80,Silver Ager,3.0,0,12,2,0
55388.0,EMsent,2024-07-16,0,12,0,0,0.0,9999.0,9999.0,9999.0,61-80,Silver Ager,1.0,0,11,2,0
49295.0,EMsent,2024-06-09,0,11,0,0,0.0,9999.0,9999.0,9999.0,61-80,Silver Ager,1.0,0,10,2,0
44710.0,EMsent,2024-05-12,0,10,0,0,0.0,9999.0,9999.0,9999.0,61-80,Silver Ager,1.0,0,9,2,0
40456.0,EMsent,2024-04-14,0,8,0,0,0.0,9999.0,9999.0,9999.0,61-80,Silver Ager,3.0,0,7,0,0
24494.0,EMsent,2024-01-14,0,4,0,0,0.0,9999.0,9999.0,9999.0,61-80,Silver Ager,1.0,0,3,0,0
34062.0,EMsent,2024-03-10,0,6,0,0,0.0,9999.0,9999.0,9999.0,61-80,Silver Ager,1.0,0,5,0,0
28232.0,EMsent,2024-02-11,0,5,0,0,0.0,9999.0,9999.0,9999.0,61-80,Silver Ager,1.0,0,4,0,0
21450.0,EMsent,2023-12-15,0,3,0,0,0.0,9999.0,9999.0,9999.0,61-80,Silver Ager,1.0,0,2,0,0
19748.0,EMsent,2023-12-10,0,2,0,0,0.0,9999.0,9999.0,9999.0,61-80,Silver Ager,1.0,0,1,0,0
19096.0,EMsent,2023-12-01,0,1,0,0,0.0,9999.0,9999.0,9999.0,61-80,Silver Ager,1.0,0,0,0,0
35578.0,EMsent,2024-03-17,0,7,0,0,0.0,9999.0,9999.0,9999.0,61-80,Silver Ager,1.0,0,6,0,0
,DM_Offersent,2024-03-14,1,0,0,0,9999.0,9999.0,9999.0,9999.0,80+,Silver Ager,0.0,0,0,0,0
35578.0,EMsent,2024-03-17,0,1,0,0,0.0,9999.0,9999.0,9999.0,61-80,Best Ager,1.0,0,0,0,0
,DM_Offersent,2024-11-15,1,1,0,0,242.0,9999.0,9999.0,9999.0,61-80,Best Ager,0.0,0,1,0,0
49295.0,EMsent,2024-06-09,0,7,0,0,0.0,9999.0,9999.0,9999.0,80+,Silver Ager,0.0,0,0,0,0
60257.0,EMsent,2024-08-11,0,9,0,0,0.0,9999.0,9999.0,9999.0,80+,Silver Ager,0.0,0,0,0,0
55388.0,EMsent,2024-07-16,0,8,0,0,0.0,9999.0,9999.0,9999.0,80+,Silver Ager,0.0,0,0,0,0
44710.0,EMsent,2024-05-12,0,6,0,0,0.0,9999.0,9999.0,9999.0,80+,Silver Ager,0.0,0,0,0,0
65490.0,EMsent,2024-09-08,0,10,0,0,0.0,9999.0,9999.0,9999.0,80+,Silver Ager,0.0,0,0,0,0
34062.0,EMsent,2024-03-10,0,4,0,0,0.0,9999.0,9999.0,9999.0,80+,Silver Ager,0.0,0,0,0,0
28232.0,EMsent,2024-02-11,0,3,0,0,0.0,9999.0,9999.0,9999.0,80+,Silver Ager,0.0,0,0,0,0
24494.0,EMsent,2024-01-14,0,2,0,0,0.0,9999.0,9999.0,9999.0,80+,Silver Ager,0.0,0,0,0,0
19748.0,EMsent,2023-12-10,0,1,0,0,0.0,9999.0,9999.0,9999.0,80+,Silver Ager,0.0,0,0,0,0
40456.0,EMsent,2024-04-14,0,5,0,0,0.0,9999.0,9999.0,9999.0,80+,Silver Ager,0.0,0,0,0,0
48020.0,EMsent,2024-05-31,0,16,0,0,0.0,9999.0,9999.0,9999.0,41-60,Family,0.0,0,3,0,0
48826.0,EMsent,2024-06-04,0,17,0,0,0.0,9999.0,9999.0,9999.0,41-60,Family,0.0,0,3,0,0
55388.0,EMsent,2024-07-16,0,19,0,0,0.0,9999.0,9999.0,9999.0,41-60,Family,0.0,0,3,0,0
60256.0,EMsent,2024-08-11,0,20,0,0,0.0,9999.0,9999.0,9999.0,41-60,Family,1.0,0,3,0,0
61960.0,EMsent,2024-08-21,0,21,0,0,0.0,9999.0,9999.0,9999.0,41-60,Family,0.0,0,4,0,0
65489.0,EMsent,2024-09-08,0,23,0,0,0.0,9999.0,9999.0,9999.0,41-60,Family,0.0,0,4,0,0
46441.0,EMsent,2024-05-22,0,15,0,0,0.0,9999.0,9999.0,9999.0,41-60,Family,0.0,0,3,0,0
66948.0,EMsent,2024-09-15,0,24,0,0,0.0,9999.0,9999.0,9999.0,41-60,Family,0.0,0,4,0,0
66963.0,EMsent,2024-09-16,0,25,0,0,0.0,9999.0,9999.0,9999.0,41-60,Family,0.0,0,4,0,0
69140.0,EMsent,2024-09-27,0,26,0,0,0.0,9999.0,9999.0,9999.0,41-60,Family,0.0,0,4,0,0
,DM_Offersent,2024-10-14,1,26,0,0,17.0,9999.0,9999.0,9999.0,41-60,Family,0.0,0,4,0,0
64536.0,EMsent,2024-09-04,0,22,0,0,0.0,9999.0,9999.0,9999.0,41-60,Family,0.0,0,4,0,0
44710.0,EMsent,2024-05-12,0,14,0,0,0.0,9999.0,9999.0,9999.0,41-60,Family,0.0,0,3,0,0
49295.0,EMsent,2024-06-09,0,18,0,0,0.0,9999.0,9999.0,9999.0,41-60,Family,0.0,0,3,0,0
42756.0,EMsent,2024-04-28,0,12,0,0,0.0,9999.0,9999.0,9999.0,41-60,Family,1.0,0,2,0,0
44394.0,EMsent,2024-05-08,0,13,0,0,0.0,9999.0,9999.0,9999.0,41-60,Family,0.0,0,3,0,0
19748.0,EMsent,2023-12-10,0,1,0,0,0.0,9999.0,9999.0,9999.0,41-60,Family,0.0,0,0,0,0
24494.0,EMsent,2024-01-14,0,2,0,0,0.0,9999.0,9999.0,9999.0,41-60,Family,0.0,0,0,0,0
26376.0,EMsent,2024-01-28,0,3,0,0,0.0,9999.0,9999.0,9999.0,41-60,Family,0.0,0,0,0,0
